student_id,name,gender,age,subject,exam_score,exam_date,region,grade_level,school
5878,Duane Simmons,Male,19,Computer,42.42,2025-03-03,Lake Jonathan,Year 4,Gill-Anderson
8925,Monica Clark,Male,21,English,57.43,2025-06-02,Williamsfort,Year 3,Butler Inc
5099,Marie Morris,Female,23,English,81.51,2025-01-06,Matthewmouth,Year 1,Sanford PLC
3873,Joshua Ramos,Female,21,English,71.15,2025-01-02,South Kirsten,Year 2,"Bell, Medina and Calderon"
4757,Michael Mullen,Female,24,Science,44.04,2025-06-12,Erikamouth,Year 2,Murphy PLC
2730,Taylor Reed,Female,19,Science,83.22,2025-02-05,Isabelbury,Year 3,Key-Harris
1687,Teresa Johnson,Female,19,Science,47.07,2025-04-25,Coleside,Year 1,Taylor LLC
7999,Brian Mercado,Male,21,Math,89.36,2024-10-27,East Rachelborough,Year 4,Stephens-Johnson
3901,Nicholas Weaver,Female,20,Computer,54.47,2024-11-25,West Alicia,Year 4,West and Sons
9550,Jesse Anderson,Female,22,English,62.03,2025-08-01,New Melissa,Year 4,"Fisher, Lynn and Wallace"
7523,Keith Jenkins,Female,22,English,62.58,2025-09-14,Glennmouth,Year 4,Patton-Johnson
4848,Shannon Bowers,Female,20,Computer,91.48,2024-10-26,West Joshuabury,Year 4,Walters Ltd
8537,Wendy Holden,Male,19,Computer,75.83,2025-03-13,East Jamesburgh,Year 3,Myers and Sons
2661,Cynthia Stafford,Male,18,History,48.4,2025-02-02,North Danaview,Year 4,"Gomez, Wood and Guerrero"
6832,Christian Carlson,Female,21,History,89.95,2025-03-09,Valerieville,Year 4,Williams-Fitzgerald
4331,Sharon Navarro,Male,24,History,76.93,2025-08-26,East Loretta,Year 2,Burgess LLC
3795,Cynthia Johnson,Male,25,English,45.6,2025-10-08,East Larry,Year 4,Klein and Sons
7478,Teresa Russell,Male,22,History,88.45,2025-10-03,Montgomeryhaven,Year 3,"Walker, Shepherd and Austin"
5977,Shelby Washington,Female,20,History,71.77,2024-12-19,Lake Logan,Year 2,Nguyen-Sanchez
1979,David Powell,Female,25,Math,57.09,2024-11-30,North Carmen,Year 4,Spencer-Scott
9400,Jamie Moore,Male,19,Computer,42.66,2025-05-09,Port Christopher,Year 2,"Bradford, Walsh and Miranda"
8223,Jennifer Snyder,Female,18,Computer,90.99,2025-07-15,Lake Kelsey,Year 2,Robinson PLC
9842,Valerie Ellison,Female,22,Math,99.96,2025-01-24,Onealhaven,Year 3,Yates PLC
6808,Stephen Fitzpatrick,Female,22,Computer,53.0,2025-10-15,Lisaport,Year 4,"Carpenter, Richmond and Wang"
4970,Brandi Bond,Male,19,Computer,85.68,2025-07-08,Saraton,Year 4,Brown Ltd
8100,Laura Sanchez,Male,22,English,50.29,2025-05-21,Port Stevenview,Year 4,"Jackson, Marshall and Jacobs"
7945,Allison Moore,Male,19,History,70.27,2025-03-13,Lynchfort,Year 2,"Gray, Reed and Mcdaniel"
6067,William Charles,Female,20,English,67.9,2024-12-02,South Joanna,Year 4,Crosby-Sanchez
5461,Andrew Hoffman,Male,23,Math,45.11,2025-07-21,West Christinemouth,Year 4,"Finley, Guerrero and Gonzalez"
2870,Cassandra Gibson,Female,23,History,40.33,2025-04-20,Gregoryborough,Year 3,"Perkins, Tyler and Nichols"
8684,Ruben Robertson,Male,25,Math,61.98,2025-05-26,New Pamela,Year 3,Bradford-Graves
1243,Bradley Garza,Female,23,Computer,87.17,2025-08-06,New Joshua,Year 2,Miller LLC
8250,Jeffrey Cruz,Female,22,English,62.18,2024-11-12,Jacquelinemouth,Year 4,Boyd PLC
3680,Denise Vega,Male,24,Math,63.62,2024-12-26,Port Johnhaven,Year 1,Blevins-Thompson
6755,Lauren Sloan,Male,20,History,48.04,2024-11-13,New Alanhaven,Year 1,Martinez-Fox
8476,Michael Myers,Female,22,History,97.25,2025-03-24,Davidstad,Year 4,Smith-Howe
2988,James Smith,Male,21,Science,48.52,2025-08-13,Josephstad,Year 2,Estrada-Shaffer
2842,Vincent Nguyen,Female,22,History,72.78,2024-12-05,North Amber,Year 2,"Reynolds, Martinez and Rodriguez"
3860,Maria Thomas,Female,19,History,79.92,2024-12-03,New Nancyberg,Year 2,Ramsey-Richardson
3282,Luis Lopez,Male,18,History,79.01,2025-04-18,North Daniel,Year 3,"Hernandez, Gilmore and Chen"
9887,Patrick Olsen,Female,24,Science,87.77,2024-11-04,Chavezmouth,Year 3,Robinson Inc
5141,Andrew Espinoza,Male,25,English,60.49,2025-09-16,Melindashire,Year 2,Thompson LLC
3181,Christopher Fisher,Female,25,History,94.44,2025-08-05,New Brenda,Year 3,Saunders-Morrison
2807,Michael Blackburn,Male,21,English,91.67,2025-07-26,Evansport,Year 3,Perry-Newton
8189,Jacqueline Strickland,Female,21,Computer,98.33,2025-03-27,Nelsonmouth,Year 3,Wilson Inc
7066,Daniel Preston,Female,20,English,93.33,2025-05-21,Gouldchester,Year 4,Long-Miller
2784,Amanda Perry,Male,22,Math,62.6,2025-01-24,Jillmouth,Year 1,Boone PLC
4251,Ashlee Perez,Female,19,History,80.26,2025-09-30,Mayerborough,Year 4,Brandt-Lane
1893,William Alvarez,Female,23,Science,53.35,2025-05-29,East Mark,Year 4,Mcgee-Miller
3153,Dennis Mendez,Male,22,History,52.06,2025-06-06,Harrisonbury,Year 2,Snyder-Gonzalez
4814,Linda Rodgers,Male,22,Math,82.35,2025-10-05,Coleton,Year 2,Miller-Salinas
9427,Elizabeth Nelson,Male,20,English,45.47,2024-12-21,Anthonyside,Year 4,Green Ltd
9790,Michael Gonzalez,Male,20,Science,71.54,2025-08-21,New Johnland,Year 1,Henderson and Sons
6837,Isaiah Hudson,Female,25,Science,68.04,2024-11-04,South Nancychester,Year 4,Smith-Herrera
7948,Perry Roberts,Female,25,Science,76.82,2024-10-26,Johnnymouth,Year 4,"Smith, Gallagher and Taylor"
8748,Jeffrey Clark,Male,23,Science,91.62,2025-07-15,Hayesborough,Year 2,Casey-Nunez
7777,Jacob Moreno,Female,21,History,67.5,2025-05-18,Theresamouth,Year 3,Anderson Group
6096,Brent Mccoy,Female,22,Math,44.86,2024-12-10,Tinaton,Year 3,Jackson-Miller
7542,Aaron Brown,Female,21,Computer,42.17,2024-12-25,West Kaitlynburgh,Year 4,Pierce-Mosley
6709,Anne Rodgers,Male,23,Computer,81.11,2025-07-25,Laneton,Year 3,Gill-Lawson
4892,Julia Gibson,Male,21,English,71.78,2024-11-15,Port John,Year 1,Harris-Johnson
5686,Natasha Douglas,Female,20,English,91.25,2025-02-12,New Scott,Year 4,Hernandez Ltd
9159,Marcus Medina,Female,20,Science,60.17,2024-12-19,North Amandatown,Year 2,Miller Inc
9859,Nicole Anderson,Male,24,History,98.42,2024-12-07,West Caleb,Year 3,Mendez-Hernandez
9300,Megan Castillo,Male,23,Computer,76.75,2024-12-10,Lake Gregory,Year 4,Manning LLC
4940,Jonathan Allen,Female,20,Computer,58.52,2024-11-12,Wilsonchester,Year 3,Sims and Sons
5091,Kimberly Smith,Female,25,English,76.13,2025-08-15,East Aaron,Year 1,"Patterson, Hodges and Wise"
6866,Eric Key,Female,18,Computer,46.08,2025-09-06,Stephanieburgh,Year 3,"Morales, Lewis and Brown"
3903,Laura Schmidt,Male,25,English,95.42,2025-10-01,Austinton,Year 3,Robinson Ltd
1385,Gary Gonzales,Female,19,Science,45.96,2025-03-25,Salinasmouth,Year 3,"Ibarra, Gutierrez and Peters"
9201,Diana Neal,Male,22,Science,93.65,2025-08-28,Lake Saraville,Year 2,Hoffman-Cisneros
8214,Wendy Woodard,Male,21,Math,72.43,2025-03-15,Ortizview,Year 2,Daniel-French
6240,Natasha Barnes,Male,21,Science,42.68,2025-01-06,Carloschester,Year 2,Smith and Sons
8626,Colton Mullins,Female,23,Math,52.54,2025-07-04,Matthewtown,Year 3,"Pratt, Shea and Ford"
3578,Francisco Meyer,Male,19,Math,49.13,2025-04-19,West Melissa,Year 3,Moore-Salazar
4525,Rodney Gray,Male,22,Science,81.39,2024-12-10,Schmittfurt,Year 3,"Gonzalez, Thompson and Nelson"
7352,Alejandro Romero,Male,18,Math,49.03,2024-12-18,South John,Year 3,Crawford LLC
6307,Christine Robinson,Male,24,English,82.85,2025-02-08,Sullivanmouth,Year 1,Bishop and Sons
5538,Emily Goodwin,Female,22,English,51.42,2024-12-19,Warnerton,Year 1,Johnson PLC
4991,Dustin Guerrero,Male,24,Computer,86.67,2024-11-23,New Joseph,Year 4,Graham-Caldwell
1355,Laura Evans,Male,18,History,74.52,2025-03-15,Gallagherhaven,Year 3,"Horn, Curry and Lopez"
1699,Mark Bryant,Male,22,History,43.82,2025-05-12,Lake Thomas,Year 3,"Hayes, Gallagher and Tanner"
9785,Brandon Dominguez,Female,23,History,65.44,2025-05-22,Josephton,Year 3,"Parker, Conner and Collins"
8037,Jessica Davis,Female,24,English,90.9,2025-04-03,Jamieville,Year 3,Tapia-Scott
5299,Michael Lutz,Female,20,Computer,92.31,2025-04-14,New Jamesbury,Year 3,Little and Sons
5098,Andrew Klein,Male,19,English,71.73,2025-10-13,Mcfarlandtown,Year 2,Chavez and Sons
9145,Stephanie Smith,Female,21,English,51.85,2025-04-05,West Carlaberg,Year 3,"Ford, Cooper and Bartlett"
1130,Dustin Cooley,Male,19,History,57.22,2024-11-07,Burnstown,Year 1,"Hawkins, Mitchell and Scott"
6645,Jill Bruce,Female,25,Computer,63.85,2025-03-21,East Omarmouth,Year 3,Medina-Johnson
9343,April Lambert,Female,19,Science,97.15,2025-04-01,Saraview,Year 1,Christensen-Fuller
6507,Lee Hopkins,Male,25,Math,88.75,2025-10-08,New Raymond,Year 4,"Gonzales, Perez and Hernandez"
3644,Brianna Hancock,Female,23,Science,56.69,2025-08-02,East Michaelhaven,Year 1,Flynn-Brooks
5092,Jesse Ward,Male,21,English,45.59,2024-12-30,East Rachel,Year 4,Fox PLC
8258,Megan Taylor,Female,20,Science,74.6,2025-05-13,Smithshire,Year 1,Deleon Group
9123,Dustin Flynn,Male,22,English,78.27,2024-11-02,North Mark,Year 2,Cook and Sons
3734,Troy Hunt,Female,20,Math,54.1,2025-08-10,Heathermouth,Year 4,Carr PLC
7850,Jasmine Faulkner,Female,23,Science,94.17,2025-07-28,Anthonyberg,Year 1,Benson and Sons
9245,Francisco Shannon,Male,21,History,64.41,2025-05-23,South Mistyport,Year 4,Clayton Ltd
2820,Richard Webster,Male,24,Math,76.29,2025-09-10,Davidstad,Year 1,"Davis, Elliott and King"
2756,Ryan Moody,Female,25,History,89.61,2025-09-19,East Adambury,Year 1,"Thompson, Anthony and Lynch"
7067,Brian Mills,Female,20,Science,62.17,2024-11-09,Grayfort,Year 3,"Hall, Skinner and Anderson"
1850,Suzanne Barnes,Male,25,Math,69.37,2025-09-28,Grayshire,Year 4,"Prince, Marshall and Leonard"
3945,Christopher Greene,Male,22,English,53.48,2025-06-24,Lake Elizabethstad,Year 1,Collins PLC
9356,Timothy Sexton,Male,23,History,89.25,2024-12-13,Hunterside,Year 2,Elliott PLC
1569,Sheila Stein,Female,18,History,85.24,2025-04-18,Port Saramouth,Year 1,Williams-Ramos
6363,Kevin Mcclain,Male,24,Computer,47.43,2025-09-05,Courtneytown,Year 4,Roman-Barker
5561,Devon Taylor,Male,22,History,85.36,2025-03-05,Port Kathleen,Year 3,Zhang-Guzman
1785,Angela Mitchell,Male,25,History,72.6,2025-05-27,Nathanland,Year 3,Carroll-Ford
9210,Nicholas Curtis,Female,22,Computer,46.81,2025-04-27,Hatfieldburgh,Year 1,Mann-Hubbard
3534,Rachel Dean,Male,22,English,81.11,2025-08-11,Wilsonbury,Year 3,Simpson-Reed
4568,Todd Butler,Male,24,Science,40.19,2025-02-18,Taylorton,Year 4,Williams Ltd
9398,Caroline Weber,Female,23,English,74.45,2025-01-25,Chavezfurt,Year 1,Fowler Ltd
1643,Dana Smith,Male,19,Math,42.12,2025-06-11,Lake Brentville,Year 4,Glenn-Yang
4406,Lisa Mosley,Male,20,History,64.59,2025-01-20,Clarkbury,Year 1,Freeman-Snow
1892,Jenna Mcclure,Female,19,History,49.66,2025-05-25,Jasonbury,Year 4,Nixon Inc
9530,Paul Williams,Male,21,Math,88.15,2025-02-03,Josephville,Year 4,"Evans, Long and Flynn"
1117,Matthew Montoya DVM,Male,19,Math,55.13,2025-02-12,Garciaview,Year 4,Garcia Ltd
8694,Pamela Cooper,Female,22,History,68.94,2025-09-29,New Kelly,Year 1,Jones Group
6022,Derrick Campbell,Female,25,History,58.71,2025-07-12,Smithborough,Year 2,Woods-Santiago
1256,Cynthia Lee,Male,25,English,57.93,2025-04-03,Maciasfort,Year 2,Wilson LLC
6419,Hannah Turner,Female,20,Science,74.14,2025-08-12,West Barbara,Year 2,Flores-Jackson
8144,Tracy Roman,Female,21,History,51.69,2025-01-14,South Sierra,Year 2,Lewis and Sons
8805,Renee Jimenez,Male,21,Math,94.81,2025-06-09,Vegaberg,Year 3,"Davis, Lee and Ayala"
9896,Brian Jones,Female,22,Science,67.75,2025-09-11,South Cheryl,Year 1,"Cherry, Craig and Barry"
2146,Natalie Reynolds,Female,24,Computer,95.41,2025-06-11,North Phillipchester,Year 4,Evans LLC
8387,Sheila Avery,Female,22,Math,99.2,2025-10-17,Lake Jefferymouth,Year 2,Cervantes-Harris
4857,Jeremy Obrien,Male,24,Math,97.87,2025-01-08,New Rebeccaburgh,Year 4,Beard LLC
8796,Pamela Moore,Male,22,Computer,46.06,2025-06-15,Ericstad,Year 4,"Jones, Harris and Ray"
8530,William Rivas,Male,22,English,67.58,2025-05-20,Rowetown,Year 2,Hall PLC
5167,Jonathan Cunningham,Male,20,Math,94.03,2025-10-09,New Stephenville,Year 2,Anderson-Smith
6501,Marcus Graham IV,Male,19,Science,63.94,2025-01-31,Kimberlyview,Year 3,"Stark, Hughes and Avila"
4738,John Mosley,Male,23,Computer,90.49,2025-01-09,Lindsayfort,Year 1,Salazar Inc
4990,Steven Mcmahon,Female,21,History,87.56,2025-03-05,West Paulchester,Year 3,Perkins Inc
5192,Michelle Murray,Male,18,English,48.37,2024-11-16,Port Michael,Year 3,Anderson LLC
3475,Andrew Johnson,Male,22,Math,78.47,2024-12-09,Scottbury,Year 3,Payne and Sons
1111,Gabriella Murphy,Male,19,Science,48.92,2025-05-18,Robertport,Year 1,Romero Group
6285,James Mack,Male,25,Computer,92.08,2025-08-10,New David,Year 3,Jones-Wright
7749,Nicholas Christian,Male,24,Math,82.26,2025-01-14,Kevinville,Year 2,Richardson PLC
9784,Matthew Martin,Male,24,Math,96.62,2025-06-30,Kristinafurt,Year 2,Tran-Torres
8884,Mrs. Melissa Garcia DVM,Male,22,Science,75.68,2025-06-11,North Sarahstad,Year 3,"Cannon, Daniel and Bailey"
6960,Kimberly Nolan,Male,20,Science,95.41,2025-05-03,Jarvismouth,Year 2,"Brown, Tran and Smith"
6781,Ashley Casey,Female,22,Computer,59.14,2025-06-30,Lake Cody,Year 1,Yoder Ltd
1110,Peter Cruz,Female,22,Computer,86.91,2025-02-27,Sharonton,Year 4,"Miller, Gill and Smith"
7699,Laurie Moyer,Female,24,Science,69.41,2025-04-15,West Megan,Year 1,Brown PLC
6810,Charles Salinas,Female,23,Math,53.29,2025-03-13,South Paulside,Year 3,Barry-Martin
2194,Samantha Daugherty,Female,19,Math,98.15,2024-10-27,Stevenshire,Year 2,"Hernandez, Garrett and Martinez"
7983,Michelle Munoz,Male,24,Science,77.82,2024-12-01,New Patricia,Year 3,Bender PLC
6880,Christine Hansen,Female,24,Math,66.24,2025-09-06,Whitebury,Year 3,Gallagher Inc
5834,Kenneth Myers,Female,24,Science,58.73,2025-08-08,North Jeremy,Year 2,Williams LLC
5427,Jordan Guerra,Female,18,Math,95.88,2025-09-13,Karentown,Year 2,"Dunn, Robinson and Munoz"
8938,Christina Pace,Female,22,English,81.86,2025-05-20,Brianchester,Year 1,"Bridges, Arnold and Davis"
3423,Natalie Parker,Male,25,Science,51.65,2025-03-03,Port Christineshire,Year 2,"Johnston, Oneill and Richardson"
4809,Rachel Ray,Male,19,English,93.45,2025-07-20,New Anthony,Year 3,Anthony-Crawford
2677,Karen Wade,Male,23,History,63.63,2025-07-27,Lake Grantfurt,Year 4,"Carey, Weaver and Erickson"
4307,Sarah Hodge,Male,19,Math,75.28,2025-09-30,Lake Tinaton,Year 2,Meyer-Walls
5377,Karen Johnston,Male,25,Math,55.06,2025-10-10,Darrellville,Year 4,Alexander PLC
6788,Jeffrey Webb,Male,23,Science,99.69,2025-04-28,Sanfordfurt,Year 2,"Alexander, Klein and Gray"
1738,Donna Hubbard,Male,22,English,47.96,2024-11-01,Bullockstad,Year 1,"Johnson, Brown and Lopez"
3261,Angela Henderson,Female,22,Science,51.29,2025-02-14,Port Jessefurt,Year 3,"Davis, Harris and Garcia"
3202,Nathan Cruz,Female,19,English,90.48,2024-11-07,New Kevinchester,Year 4,"Skinner, Kemp and Heath"
2247,Alexander Snyder,Female,24,Computer,40.48,2025-02-22,Webbside,Year 1,"Gomez, Moon and Stevenson"
5981,Kyle Norris,Male,19,Science,74.38,2025-08-05,Susantown,Year 1,"Wilson, Kelly and Martinez"
3464,Ashley Dixon,Male,24,Science,65.97,2025-09-16,East Leslie,Year 1,"Mitchell, Garza and Gates"
8057,Lisa Lee,Male,23,Computer,78.61,2025-08-18,Chanfurt,Year 4,"Orr, Mejia and Stafford"
9702,Norma Fuller,Male,19,Science,99.15,2025-07-03,Tiffanyside,Year 3,Franklin Ltd
2765,Caleb Jacobson,Female,21,English,80.83,2025-10-20,Margaretfurt,Year 2,Cross-Barnes
8735,Karen Jones,Male,20,English,61.47,2025-02-27,Karenchester,Year 1,Davis Group
1307,Michael Griffith,Female,20,English,52.95,2025-01-30,Craigville,Year 3,Bailey-Bailey
6065,Robert Rosales,Male,19,Math,50.7,2025-04-06,Parkburgh,Year 1,"Carter, Moore and Smith"
4110,Julie Meyer,Male,21,Math,69.92,2025-04-11,Port Robertland,Year 3,Parker-Mcintyre
2436,Jason Craig,Male,21,English,59.22,2024-10-27,Gravesburgh,Year 1,Summers-Nelson
5465,Meredith Gray,Female,25,Math,94.5,2025-09-19,Port Kenneth,Year 2,"Young, Dennis and Doyle"
4448,Jimmy Mcguire,Female,19,Computer,58.94,2025-07-21,New Christina,Year 3,"Kim, Guzman and Williams"
3751,Janet Jimenez,Female,24,Math,93.03,2025-02-21,Lake Ethan,Year 2,Freeman Group
8116,Brandi Norman,Female,20,Computer,79.47,2024-12-28,Sherylshire,Year 4,Brooks LLC
5880,Steven White,Male,25,Math,91.89,2025-07-11,Dillonmouth,Year 4,Cox-Martin
4608,Lee Whitney,Male,22,English,80.65,2024-11-14,Jamesburgh,Year 1,Kelly-Waters
4945,Robert Stewart,Male,22,Science,63.65,2025-06-14,Josephbury,Year 1,Wagner and Sons
3591,Lori Cook,Female,24,Computer,73.33,2025-03-19,Hicksfort,Year 3,Randall Group
7482,Sandra Steele,Male,19,Math,52.38,2025-06-24,South Toni,Year 2,Owen PLC
5220,Edward Anderson,Male,23,English,42.35,2025-06-19,West Jamesberg,Year 1,"Perez, Franco and Sanchez"
2959,Crystal Best,Female,25,History,69.14,2024-11-02,Laurenbury,Year 3,Ruiz LLC
9448,Diana Callahan,Male,22,English,97.01,2025-08-31,Lake Deannaton,Year 2,Moore Inc
7106,Kellie Smith,Male,22,Computer,81.83,2024-12-22,Oliviachester,Year 2,Weber and Sons
4494,Alison Foster,Male,24,Computer,86.88,2025-08-27,Theresaland,Year 1,"Malone, Singleton and Frank"
8126,Glenn Jackson,Male,21,Computer,64.35,2025-10-01,Michelleborough,Year 3,Davis-Clark
9198,Zachary Taylor,Female,25,Computer,83.02,2025-01-05,Alexanderstad,Year 1,Joseph-Powers
7868,Rebecca King,Female,19,English,54.5,2025-05-29,South Ernest,Year 2,"Pittman, Gordon and Wright"
6365,Virginia Marsh,Female,18,Science,92.84,2025-04-13,Jonathanborough,Year 3,Novak-Brown
8779,David Diaz DDS,Male,25,Computer,64.84,2024-12-16,Lake Sara,Year 3,Harper Inc
9926,Lisa Saunders,Female,19,Computer,57.26,2025-02-02,North Judith,Year 1,Foster and Sons
4953,Lisa Oneill,Male,18,English,69.64,2025-07-12,Peckstad,Year 3,"Reyes, Wiley and Gibson"
2689,Katherine Rogers,Female,18,Math,77.67,2025-05-08,Port Patricialand,Year 4,Shea-Sullivan
7934,Jennifer Adams,Male,20,Computer,54.69,2024-10-30,Greenchester,Year 2,Martin-Robinson
8654,Chelsey Henderson,Male,24,Science,59.5,2025-02-27,Donaldbury,Year 2,Wall-Weber
5230,Tina Simmons,Female,20,Computer,84.78,2024-12-01,New Anthonyshire,Year 1,"Cain, Holt and Deleon"
8525,David Ray,Male,21,English,78.05,2025-08-16,Mcconnellland,Year 1,Lewis PLC
1955,John Jacobs,Male,20,History,41.21,2025-08-15,West Karenfort,Year 4,"Hill, Phillips and Ortiz"
3957,Mr. Robert Howard,Female,25,Computer,87.55,2024-12-14,Ericton,Year 4,Terry-Bell
3010,Melanie Murray,Female,21,Computer,93.33,2024-10-24,East Laura,Year 1,Savage LLC
8376,James Schwartz,Male,19,Math,91.59,2025-05-29,Davidview,Year 3,Rush PLC
1808,Joshua Johnson,Female,21,Math,62.44,2025-05-20,Lake Stephen,Year 3,"Rocha, Lucas and Gross"
3032,Rebecca Soto,Female,21,English,73.92,2025-08-24,Lake Katherinemouth,Year 1,Martinez-Watkins
6652,Alisha Vasquez,Female,20,History,67.21,2025-01-11,East Margaret,Year 3,"Duarte, Bishop and Le"
7559,Robert Johnson,Female,21,Science,53.04,2025-02-15,North Justin,Year 3,"Lee, Bean and Vasquez"
4803,Cynthia Ramirez,Female,24,Science,84.48,2025-05-17,Kimberlyberg,Year 1,Blankenship-Levine
5118,Carl Perez,Male,20,History,46.1,2025-06-22,Jayburgh,Year 3,"Reyes, Moore and David"
4111,Sara Mcdaniel,Male,25,Science,84.28,2025-04-22,Petersonside,Year 4,"Collier, Burton and Gonzalez"
1899,Bryan Patel,Female,24,English,83.9,2024-11-03,Kimberlyfort,Year 4,Soto PLC
4797,Gary Perez,Female,20,Computer,53.78,2025-10-07,Andradeside,Year 3,"Stewart, Cardenas and Robles"
4106,Mary Richardson,Male,18,Science,77.47,2025-01-19,Saraburgh,Year 3,Leonard Ltd
8754,Timothy Miller,Female,25,Science,96.54,2025-04-25,Shepardchester,Year 1,Rhodes-Bryant
6035,Sarah Armstrong,Female,20,Computer,55.36,2025-03-17,Wardmouth,Year 2,Pearson-Calhoun
4879,Shannon Harrington,Female,18,Math,86.69,2025-06-29,South Bettymouth,Year 1,Wells PLC
8089,Larry Fox,Male,21,Computer,49.96,2024-11-13,West William,Year 4,Hale PLC
4126,Francisco Evans MD,Female,25,Math,40.11,2025-09-14,Port Rebecca,Year 1,Flores-Smith
3407,Mary James,Male,19,English,55.41,2024-12-25,Mollyburgh,Year 1,Moreno-Patterson
7782,Maria Smith,Female,18,Science,61.73,2025-04-08,Port Glenn,Year 4,Rowland-Walker
9375,Mark Mccoy,Female,19,English,54.55,2024-11-28,Bryanshire,Year 1,"Taylor, Callahan and Smith"
8177,Brandon Spencer,Male,18,Science,72.15,2024-11-16,Franktown,Year 3,Wallace PLC
1156,Raymond Olsen,Male,23,Computer,65.05,2025-03-23,Kimland,Year 3,"Chavez, Thompson and Williams"
3027,Trevor Rodriguez,Male,24,Science,60.03,2025-06-28,West Deanna,Year 4,"Edwards, Robinson and Garcia"
1868,Robert Deleon,Male,18,Science,84.01,2025-10-04,Nicholsonstad,Year 2,Stewart Ltd
3051,Catherine Wood,Male,22,Science,55.4,2025-10-12,Adamburgh,Year 1,Hudson and Sons
1986,Bob Sutton,Female,18,English,60.5,2025-08-03,Brownside,Year 2,Craig and Sons
9830,Daniel Lee,Female,20,Math,44.24,2025-10-14,Harperhaven,Year 1,Hawkins-Shaw
2030,Elizabeth Deleon,Female,18,Science,92.93,2025-10-03,Deborahfurt,Year 2,Brown and Sons
1739,Monique Gross,Male,25,Computer,50.38,2025-02-05,East Tiffanyville,Year 3,Burton-Austin
8544,Luke Steele,Female,25,Computer,49.54,2025-06-10,Rachelbury,Year 1,"Quinn, Mullen and Hanson"
6369,Brian Johnson,Female,22,Computer,56.38,2025-01-04,West Dennishaven,Year 4,"Logan, Willis and Higgins"
8989,Justin Flores,Male,19,English,90.43,2024-11-11,Jessicaburgh,Year 4,"Gonzales, Mills and Mcdaniel"
1061,Ann Benson,Female,24,Math,59.02,2025-01-26,Davidborough,Year 4,Knox Group
4404,Jason Wilson,Female,24,History,97.47,2025-07-24,Victoriahaven,Year 4,Willis-Avila
1524,William Lyons,Female,24,History,92.0,2025-03-01,Stewartburgh,Year 1,King-Bowers
9394,David Stone,Male,24,Math,55.66,2025-06-16,Tammyburgh,Year 4,"Salas, Preston and Wallace"
9066,Daniel Benton,Female,21,Computer,78.11,2025-05-15,New Jamesside,Year 4,Rivera LLC
3939,Christopher Bradley,Male,22,Computer,74.07,2024-12-23,Olsonberg,Year 2,Anderson LLC
5359,Melissa Stark,Male,25,English,81.07,2025-03-18,Brooksville,Year 3,Murray-Gonzalez
4867,Dana Foley,Female,21,Math,71.79,2025-08-25,New Barbaraborough,Year 1,"Herrera, Burns and Black"
6585,Jeffery Davis,Male,19,Computer,41.43,2025-03-13,East Brittany,Year 2,Gonzales PLC
3371,Shawn Burns,Female,23,History,72.76,2025-03-28,North Leahport,Year 2,"Johnston, Dunn and Warren"
3338,Jacqueline York,Female,18,Math,75.66,2025-02-07,Rossburgh,Year 3,"Thomas, Schmidt and Bennett"
4724,Joseph Ali,Female,24,Computer,80.89,2025-08-05,New Jeff,Year 1,Rogers-Thompson
8660,Stacy Johnson,Male,22,Math,87.85,2025-03-24,Hunttown,Year 3,Jones and Sons
4438,William Smith,Male,18,English,65.56,2025-06-28,West Ryanfurt,Year 4,"Watkins, Bishop and Ayers"
3002,Kevin Little,Male,19,Science,60.72,2025-04-29,Gibbshaven,Year 2,"Stewart, Blackwell and Woodward"
5421,Anthony Mcbride,Female,21,Science,76.68,2024-12-01,Courtneyland,Year 3,Lynch-Mueller
4171,Karen Hodges,Female,24,Science,65.35,2025-02-14,Velasquezfurt,Year 3,"Williams, Ritter and Blankenship"
4441,Tracy Velez,Male,20,Science,46.6,2025-04-11,Christopherside,Year 4,Castro Ltd
8371,Kristine Coffey,Female,23,History,86.24,2025-10-10,West Johnborough,Year 4,Hernandez Inc
3334,Justin Grant,Female,20,History,85.18,2025-07-15,North Jose,Year 3,"Juarez, Sandoval and Peters"
5567,Emily Rubio,Female,23,Math,73.23,2025-05-07,Cherylbury,Year 1,Hubbard Inc
3859,Andrew Simmons,Male,24,Math,51.66,2025-09-22,East Matthew,Year 1,Anderson-Thompson
7607,Amber Romero,Female,21,Math,76.79,2024-12-29,New Paulberg,Year 1,"Olsen, Mercer and West"
9604,Brian Hernandez,Male,19,Computer,63.79,2025-08-30,Heatherbury,Year 2,Jackson LLC
1790,Michael Hernandez,Male,22,Science,90.85,2025-08-17,Roachburgh,Year 3,Soto-Jackson
7127,Travis Mendoza,Female,18,History,56.84,2025-02-21,Noahbury,Year 2,"Garner, Santana and Acosta"
4584,Kristen Benson,Female,24,Math,71.26,2025-04-25,West Amberbury,Year 4,Guzman-Daniel
3664,Mark Booker,Female,19,Math,78.58,2025-01-15,Rileyview,Year 4,Ortega-Sandoval
1078,Brianna Ramirez,Male,18,Math,41.08,2025-01-22,Coxview,Year 3,Mckenzie Group
8064,Lance Lee,Male,20,Science,60.43,2025-01-30,Mooneymouth,Year 4,Price Group
9120,Aaron Hensley,Female,18,Math,87.42,2025-07-11,Richardmouth,Year 4,"Silva, Sullivan and Coleman"
2283,Heather Black,Male,19,Science,44.82,2025-01-15,Seanstad,Year 2,Burke PLC
1027,Jonathan Jones,Female,19,History,54.2,2024-12-02,Jesusville,Year 3,Hanson-Woods
7168,Karla Lopez,Female,25,Science,89.28,2025-08-28,Cookburgh,Year 3,Spencer LLC
9461,Ronald Scott,Male,23,English,56.07,2025-06-14,South Sandra,Year 4,"Guzman, Houston and Walter"
7599,Pamela Padilla,Male,24,Science,92.35,2025-10-08,Port Jennifer,Year 2,Parker Group
4884,Laura Morales,Male,19,History,83.79,2025-08-20,Abigailfort,Year 1,"Mathews, Thompson and Cline"
4054,Kathryn Ramsey,Male,20,Science,91.15,2025-05-19,Prestonview,Year 1,Wong-Scott
6330,Tracy Hernandez,Female,20,English,66.38,2025-05-10,Port Victoriamouth,Year 4,Erickson-Cortez
1488,Daniel Webster,Female,20,Math,62.02,2025-03-08,North Stephanie,Year 1,Ford PLC
4032,Felicia Osborne,Male,19,History,62.36,2025-07-26,Johnsonburgh,Year 3,Haynes-Bridges
5113,Melissa Gonzalez,Male,19,Computer,94.31,2025-09-02,Delgadofurt,Year 2,Byrd Ltd
5653,Patrick Logan,Female,25,Math,91.2,2024-12-23,Draketown,Year 1,Pitts-Schwartz
1901,Tonya Murphy,Male,22,History,64.28,2025-04-23,Judithport,Year 1,Anderson LLC
2104,Molly Randall,Male,25,Science,60.77,2024-10-28,West Michael,Year 1,Miller-Horne
4319,Megan Mann,Male,24,Computer,79.85,2025-01-26,Conradton,Year 1,Mills PLC
9367,Christine Cochran,Male,21,Computer,51.41,2025-01-05,Allenberg,Year 2,Williams Inc
9640,Eric Tate,Male,19,Science,42.96,2025-08-16,Madisonshire,Year 1,"Hardy, Mcdonald and Kramer"
2996,Carla White,Male,18,Math,94.91,2025-04-27,Raymondview,Year 3,"Palmer, Cameron and Brown"
9404,James Paul,Male,23,Computer,44.46,2025-10-09,Lake Timothystad,Year 3,"Lyons, Grimes and Parker"
2813,Erin Evans,Male,25,History,57.6,2025-09-21,Andreaburgh,Year 3,Petty-King
1932,Aaron Brown,Male,18,Computer,52.41,2025-08-03,South Jennifer,Year 1,Mccoy PLC
1112,Johnny Jones,Female,20,History,92.01,2025-07-30,Port Kennethton,Year 1,Smith-Gilmore
1993,Rebecca Jones,Male,20,Science,42.31,2024-12-08,Kimville,Year 4,Warner and Sons
9717,Julie Bowman,Male,24,Computer,79.39,2025-01-31,Port Anthony,Year 3,"Garrett, Wallace and Murphy"
4771,Shannon Rivera,Male,19,Math,41.98,2025-06-14,North Rodneyburgh,Year 4,"Richardson, Lopez and Price"
4389,Melissa King,Male,20,Math,85.69,2025-06-11,Jonesport,Year 3,Fernandez-Cruz
9073,Dr. John Randall,Male,25,Math,79.7,2024-12-16,Angelahaven,Year 2,"Burnett, Taylor and Hooper"
7543,Laura Bennett,Male,18,English,91.49,2025-03-04,West Johnchester,Year 4,Henderson Inc
8115,Carolyn Morse,Male,20,History,65.58,2024-11-14,West Cheryl,Year 2,Mclean and Sons
9746,Emma Dillon,Male,24,History,88.79,2024-12-01,East Chadville,Year 4,"Young, Dorsey and Davis"
1952,Kathy Richardson,Female,25,Math,49.82,2025-02-13,Lake Mary,Year 1,"Powell, Dean and Johnson"
4113,Melissa Massey,Male,20,Science,91.58,2025-06-18,New Angelicashire,Year 1,"Huynh, Harris and White"
1503,Donald Lyons,Male,20,History,76.5,2025-07-24,Michaelmouth,Year 2,"Smith, Farmer and Everett"
3220,Rachel Williams,Male,23,Science,70.18,2025-04-02,Kyleville,Year 3,"Sanchez, Hanson and Murphy"
5491,Christopher Cook,Male,18,English,77.73,2024-10-20,East Joshuaborough,Year 2,"Soto, Vance and Miller"
7306,Brenda Turner,Male,22,History,46.94,2025-04-08,Lake Antonio,Year 3,Khan-Adams
3966,Marcus Bowman,Male,24,English,54.27,2025-07-19,South Gregory,Year 2,"Rosales, Ross and Moore"
1382,Jason Espinoza,Female,23,History,94.27,2025-04-19,Kristenstad,Year 3,Fisher Ltd
1066,Theresa Tucker,Male,24,English,41.07,2025-06-18,Tammyville,Year 1,"Mckinney, Norris and Rogers"
1712,Bobby Torres,Female,25,Computer,88.55,2025-07-12,North Cody,Year 3,Eaton Ltd
2367,Toni Johnson,Male,19,Science,62.78,2024-12-01,Meganburgh,Year 3,"Craig, Sparks and Hughes"
5227,Stacy Hall,Male,20,Math,97.72,2025-02-07,Port Austinfort,Year 2,Wilson Inc
1395,Kimberly Hensley,Male,23,Computer,76.99,2024-12-08,Lopeztown,Year 3,"Allen, Mcmahon and Mosley"
5271,Emma Jones,Male,19,History,83.53,2025-03-08,New James,Year 3,"Montgomery, Dixon and Johnson"
1582,Douglas Colon Jr.,Female,24,History,57.99,2025-09-28,Kaitlinchester,Year 2,"Peters, Alexander and Arnold"
5870,Aaron Macias,Female,18,Science,96.96,2025-04-11,Andersonburgh,Year 2,"Boone, Thompson and Mueller"
6855,Edward Walker,Male,18,History,66.01,2024-10-26,Dustinburgh,Year 2,Kaiser LLC
9516,Erik Reynolds,Female,19,Science,91.84,2025-01-02,Alexanderhaven,Year 2,Hoover-Peterson
9029,Ashley Freeman,Male,25,History,78.82,2025-05-23,New Emilyfurt,Year 1,Hernandez PLC
3171,Kathleen Jacobs,Male,20,English,86.48,2025-03-21,Chambersstad,Year 1,Strong-Johnson
8821,Timothy Cummings,Male,25,Science,45.65,2025-10-14,Derekhaven,Year 2,"Owens, Vance and Stevens"
7398,Jamie Johnson,Male,18,English,66.03,2025-03-16,Mendozashire,Year 2,Johnson-Woods
8990,Lori Williams,Male,21,History,44.03,2025-08-26,Terriland,Year 3,Molina Ltd
3611,Shelby Henry,Male,18,Science,80.67,2025-06-18,Davidburgh,Year 2,"Jones, Montgomery and Cooper"
1600,Mrs. Jennifer Lewis MD,Female,25,Science,54.55,2024-11-17,South Jeffreyport,Year 1,Peterson-Soto
2578,Steven Porter,Female,22,Science,91.94,2025-02-25,West Danielport,Year 2,Freeman-Olson
1415,James Martinez,Female,18,Math,57.16,2025-07-31,Browntown,Year 2,Mosley-Berg
8150,Scott Ray,Female,23,Computer,79.45,2025-08-26,Stacyfurt,Year 2,"Jones, Stewart and Lin"
2535,Logan Mckinney,Male,22,Math,54.6,2025-05-10,Lindsayshire,Year 4,Jones-Bell
7370,Julie Evans,Female,20,Science,94.96,2024-10-24,Robertton,Year 1,Terry-Nicholson
7240,Marcus Stone,Female,18,Science,81.09,2025-07-11,South Lindsayburgh,Year 1,Perkins-Cruz
6470,Debra Knight,Male,21,Science,58.63,2025-08-11,New Ricardoburgh,Year 1,Anderson PLC
3185,Dustin Lopez,Female,18,Math,100.0,2024-11-12,Elizabethland,Year 4,"Orr, Fleming and Thomas"
9001,Ashley Heath,Female,19,English,83.9,2025-08-24,Lake Patricia,Year 3,Walker-Herrera
2568,Jose Calderon,Female,25,Computer,74.07,2025-07-08,New Gregorymouth,Year 2,"Washington, Manning and Vaughn"
3861,Peter Williamson,Male,25,English,69.81,2025-04-08,Brownview,Year 1,"Thomas, Byrd and Lozano"
2539,William Howell,Male,23,English,86.47,2024-12-21,North Angelaborough,Year 4,Anderson PLC
6416,Christy Rice,Female,18,Computer,72.36,2025-07-21,Ashleyborough,Year 1,Nichols-Ross
9494,Michelle Thomas,Male,24,Computer,82.49,2024-12-10,Jamesshire,Year 3,Wagner Ltd
7732,Thomas Duncan,Male,23,History,65.05,2025-02-24,East Jasonland,Year 2,"Pearson, Nguyen and Estrada"
8170,Pamela Lane,Female,24,Science,61.99,2025-03-21,North Ryan,Year 1,Vasquez LLC
8875,Michael Sanchez,Male,24,Science,40.52,2024-11-27,Barbaraport,Year 2,"Mendez, Brandt and Pollard"
1491,Victor Graham,Male,24,Science,99.48,2025-03-07,Sandersfort,Year 4,"Palmer, Gonzalez and Johnson"
8995,Tamara Johnson,Male,21,Science,72.96,2025-06-05,West Katherinemouth,Year 3,Patel-Gamble
1184,Michelle King,Female,23,Computer,46.92,2025-07-11,Johnsonbury,Year 4,Rivera PLC
3571,Brandy Ortiz,Female,21,Science,65.91,2025-03-04,Reevesville,Year 1,"Navarro, Guzman and Mccormick"
3608,Vanessa Thomas,Female,24,History,46.17,2025-03-15,Port Matthewside,Year 4,Morris-Guzman
8268,Jeremy Rhodes,Female,20,History,44.46,2025-08-24,East Howard,Year 4,Knapp-Sloan
7555,Bruce Hayden,Female,22,Computer,82.18,2024-11-24,Port Patriciaport,Year 4,"Foster, Ray and Nelson"
6473,David Ruiz,Female,24,Science,59.89,2025-03-03,North Aliceshire,Year 2,Morales-Aguirre
4232,Anna Bryant,Female,24,Science,59.56,2025-06-09,New Kennethburgh,Year 4,"Rose, Simpson and Barker"
9071,Jeremy Carpenter,Female,25,English,73.06,2025-04-05,New Cassandra,Year 2,Cook-Mathis
2678,Mary Tate,Male,18,English,67.91,2024-11-22,North Lisa,Year 4,Owens-Smith
5993,Stephanie Hess,Female,25,Math,91.24,2025-08-22,North Tiffanyview,Year 3,"Walsh, Parsons and Henry"
7585,Michael Marquez,Female,24,Computer,48.56,2024-11-13,East Cindyshire,Year 2,Armstrong and Sons
6270,Joseph Stewart,Female,22,History,69.12,2024-12-27,Johnsonton,Year 3,Dougherty Inc
7231,Caroline Herring,Female,25,Computer,70.87,2024-12-09,Michaelborough,Year 3,Chambers-Little
1902,Michael Cline,Female,22,English,99.52,2024-11-25,Willieborough,Year 2,Martin Inc
3330,Evelyn Meyer,Female,20,English,83.38,2025-08-23,Sandrabury,Year 4,"Fleming, Moss and Weaver"
6620,Kaitlyn Ramirez,Male,22,Computer,84.58,2025-07-04,South Samanthachester,Year 4,Bryant-Zuniga
6414,Alex Flynn,Female,23,Science,68.14,2025-09-15,Cameronburgh,Year 1,Murphy Ltd
1537,Michael Pena,Female,20,Computer,78.84,2025-09-23,Susanton,Year 3,"Conway, Harris and Adams"
7292,Michael Hall,Female,21,Computer,99.78,2025-05-17,Johnsonview,Year 3,Gonzales-Torres
6976,Jon Tate,Female,25,Math,89.66,2025-09-04,Bensonview,Year 1,"Jones, Thompson and Meyer"
3750,Dr. Kenneth Hardin MD,Female,20,History,77.07,2025-06-04,Walshstad,Year 4,"Thompson, Perez and Snyder"
8360,Gwendolyn Pierce,Male,22,Computer,55.63,2024-12-24,Krauseview,Year 4,Pierce and Sons
5630,Eric Young,Female,20,Math,65.81,2025-06-10,North Williammouth,Year 3,"Glover, Haynes and Watson"
6281,Katherine Davis,Male,21,History,52.44,2025-03-29,Kaitlyntown,Year 3,"Montoya, Gonzales and Morrow"
5740,Zachary Novak,Male,25,Math,85.99,2025-06-10,Andrewborough,Year 4,Anderson LLC
5193,John Rodriguez,Male,20,English,48.71,2024-12-05,North Sharon,Year 4,Lambert and Sons
3802,Susan Patterson,Male,18,History,77.62,2025-08-21,North Elizabeth,Year 3,Johnson Ltd
4410,Brian Kane,Female,18,Computer,83.67,2024-10-26,Wagnerborough,Year 4,Cook-Freeman
8882,Christopher Reese,Male,21,Computer,50.98,2025-03-04,North Michael,Year 1,"Moore, Kelley and Reynolds"
3994,Jose Miranda,Male,23,Math,56.28,2025-09-28,Port Frankside,Year 2,"Osborn, Johnson and Beard"
2948,Susan May,Male,20,English,86.99,2025-10-10,Dennisborough,Year 2,"Allison, Miller and Bailey"
1014,Zachary Walker,Female,24,Math,59.06,2025-10-04,South Alishahaven,Year 1,Hall-Gray
9495,Jacob Thomas,Male,21,Computer,41.71,2025-08-29,Tonyhaven,Year 3,"Salazar, Lynch and Nguyen"
3521,Daniel Thompson,Female,25,History,79.32,2025-09-16,South Garybury,Year 3,"Anderson, Palmer and Robertson"
3033,Gregory Huang,Male,20,English,41.44,2024-10-29,New Nicholas,Year 3,Griffin-Reyes
1719,Miss Emily Holt,Male,23,Computer,80.88,2025-05-28,Lishire,Year 3,"Hess, Brady and Daniel"
2226,Kelsey Leach,Female,19,Computer,64.49,2024-11-19,Jessicafurt,Year 4,Berg-Doyle
1295,Tom White,Male,18,History,58.39,2025-07-02,Lake Matthew,Year 3,Castaneda-Dunn
5572,Daniel Castillo,Female,21,Math,91.7,2024-12-05,Port Sandraville,Year 2,"Harris, Dodson and Martinez"
7029,David Lee,Male,23,English,94.62,2024-11-15,East Regina,Year 4,Dunn Ltd
2768,Samuel Higgins,Female,25,English,53.6,2025-09-28,West Donald,Year 2,Matthews PLC
6660,David Bell,Male,18,Math,89.37,2024-11-30,West Darrylton,Year 1,Simmons-Palmer
2010,Logan Hunt,Female,22,Computer,68.8,2025-04-21,Lovemouth,Year 1,Moore LLC
3484,Zachary Austin,Female,23,Computer,81.64,2025-03-07,Strongview,Year 1,Smith Inc
5026,Sydney Sandoval,Male,22,Science,88.78,2025-07-24,Lewisland,Year 4,"Richardson, Beard and Rivas"
3321,Angela Robinson,Female,18,History,47.76,2025-04-21,Port Sarahmouth,Year 3,Johnson-Adams
9504,Sheila Mitchell,Female,20,Science,94.85,2025-06-18,East Elizabethchester,Year 1,Harris-Reynolds
5102,James Moore,Male,19,Computer,77.36,2025-05-10,South Mary,Year 1,Edwards LLC
1520,Matthew Boone,Female,21,Science,93.68,2025-07-26,Lake Kyletown,Year 3,"Whitaker, Lambert and Perez"
9852,Amber Wood,Female,18,English,75.68,2024-11-13,West Zoeton,Year 1,"Stanton, Newman and Cain"
8277,Keith Vance,Female,18,English,63.65,2025-04-16,Christinaborough,Year 2,Garcia-Bird
8546,Joseph Obrien,Female,24,Science,97.44,2025-09-20,Benjaminshire,Year 3,Romero Ltd
4978,Adam Weaver,Male,19,Math,83.25,2025-09-15,Lake Heather,Year 1,Burns-Cox
8222,Nicolas Sullivan,Female,25,History,63.29,2025-06-29,East Richardmouth,Year 4,"Cook, Peterson and Stevenson"
7474,Brittany Tran,Female,19,Science,46.45,2025-05-08,North Karina,Year 4,Roberts LLC
6818,Brian Cross,Female,23,Science,53.55,2025-02-07,Morenohaven,Year 4,Goodwin-Fischer
9546,Amy Mclaughlin,Female,23,English,56.83,2025-01-04,Brianhaven,Year 4,"Mccormick, Garza and Gentry"
3961,Chad Jones,Male,20,Math,96.66,2025-03-10,North David,Year 3,Riley-Anderson
7173,Amber Dunn,Male,23,English,45.43,2025-01-26,Sanderston,Year 2,"Buchanan, Davies and Duncan"
6625,James Thompson,Male,24,History,75.07,2024-12-18,Scottville,Year 2,Riley Ltd
1992,Alexander Thomas,Female,22,Math,43.14,2024-12-31,Lake Angelaton,Year 2,Brown and Sons
5188,Andrew Thomas,Female,23,History,72.98,2025-06-07,South Adrian,Year 2,Strickland LLC
6803,Cameron Vazquez,Female,25,History,63.03,2024-10-30,Port Anthonytown,Year 3,"Roberts, Hicks and Watson"
8449,Leonard Cherry,Female,23,Computer,47.8,2025-08-21,Michaeltown,Year 1,Garcia-Hoffman
9451,Michael Smith,Male,19,Science,90.75,2025-09-23,Andersonton,Year 4,"Jackson, Allen and Gamble"
3980,David Craig,Male,20,History,64.02,2025-04-28,East Krystal,Year 2,"Jefferson, Clark and Collier"
5680,Tara Brown,Male,19,History,51.89,2025-06-18,New Juliehaven,Year 4,Martinez and Sons
2551,Terry Anthony,Male,24,Computer,59.1,2025-10-04,Melissaborough,Year 3,Solomon-Ward
9226,Stephanie Rodriguez,Female,22,History,66.37,2025-05-29,North Christinashire,Year 2,Miller and Sons
7972,Deanna Hogan DDS,Male,23,English,83.69,2025-08-16,Fowlerview,Year 3,Smith PLC
4045,Caitlyn Johnson,Male,19,History,85.57,2024-11-10,North Teresafort,Year 2,"Johnson, Johnson and Brooks"
4050,Justin Gilbert,Female,23,English,70.08,2024-12-24,Alexisbury,Year 1,"Murray, Green and Gallagher"
3376,Margaret Jones,Male,19,Math,41.2,2025-02-21,Port Jesse,Year 3,"Garcia, Wolfe and Armstrong"
1998,Karl Ford,Female,24,Science,93.5,2025-02-16,East James,Year 2,Diaz-Jones
9167,Christopher Clark,Female,20,Science,98.48,2024-10-31,South Jakeberg,Year 4,Gardner and Sons
2919,Brian Brown,Male,18,English,90.93,2025-06-01,Port Megan,Year 1,Nunez and Sons
6744,Misty Harris,Female,23,Science,65.01,2025-07-09,Port Deborahtown,Year 2,Miller LLC
9946,Ruth Hall,Female,25,Science,63.41,2024-12-11,North Ryan,Year 2,Dean LLC
7237,Douglas Wood PhD,Female,18,Science,49.71,2025-06-03,Phillipschester,Year 1,"Lamb, Rodriguez and Jones"
1327,Christine Marshall,Female,22,Science,57.19,2025-08-14,Emilychester,Year 2,Mendoza-Hill
5122,Lisa Cowan,Female,24,Computer,88.71,2025-05-04,East Tammyview,Year 2,Duke-Miller
7831,Mark Owens,Male,18,Computer,64.45,2025-02-12,Port Rickland,Year 2,Norris-Morris
1029,Charles Rhodes,Female,22,Math,50.05,2024-12-11,Hernandezfort,Year 1,Summers-Parks
8288,Amanda Moore,Female,21,Math,48.75,2025-09-04,Cohenville,Year 2,"Park, Michael and Estes"
4301,Nancy Patterson,Female,24,Computer,71.7,2025-01-13,Teresaborough,Year 2,"Schmitt, Smith and Grant"
6165,Amber Thompson,Female,25,Computer,68.58,2024-11-15,North Justinfurt,Year 1,Avila Ltd
9979,Kenneth Pace,Male,19,Science,45.45,2025-04-10,South Shane,Year 1,Miller-Leonard
7547,Jeffrey Rodriguez,Female,22,English,53.45,2024-11-27,Whitneyview,Year 3,"Pennington, Wells and Johnson"
1033,Erin Russo,Female,20,English,43.46,2025-02-09,Lake Angela,Year 1,"Reyes, Barr and Christensen"
5425,David Mcmillan,Male,24,Computer,74.47,2025-07-04,Lake Keith,Year 1,Washington-Ayala
1493,Christine Ryan,Male,20,Computer,45.9,2025-06-27,Mooremouth,Year 4,Stout Ltd
7180,Wendy Tran,Male,19,Computer,57.6,2025-03-24,Howardstad,Year 3,Smith and Sons
3138,Sabrina Taylor,Male,24,Math,92.23,2025-06-05,New Aaronbury,Year 3,Bush LLC
9965,Gregory Ayala,Male,22,History,51.85,2025-05-18,Lake Thomas,Year 1,"Short, Miller and Hunt"
6214,Daniel Forbes,Male,21,Science,76.52,2025-05-27,Monicachester,Year 2,Porter Group
3040,Michael Smith,Male,24,English,44.41,2025-10-10,Brownton,Year 4,"Ray, Sharp and Stevens"
2363,Sue Thomas,Female,21,English,74.89,2024-11-12,West Nicholas,Year 4,Nichols-Turner
6375,Michael Clark,Female,18,Computer,99.81,2025-06-04,Michellehaven,Year 2,Mcintosh Inc
9693,Brian Fitzgerald,Male,21,English,69.12,2025-02-04,West Brandi,Year 4,Holloway LLC
9150,Anthony Brooks,Female,19,English,50.42,2025-03-17,Markborough,Year 2,Martin-Scott
9682,Brittney Byrd,Male,22,Science,93.7,2024-12-24,North Ann,Year 1,"Williams, Chang and Villa"
9092,Tiffany Smith,Male,18,Math,89.28,2025-05-13,Port Janiceland,Year 4,Boyd-Wolf
1616,Aaron Smith,Female,18,Computer,78.52,2025-08-17,Port Frederick,Year 4,Johnson-Potter
7227,Brian Carter,Female,23,Science,64.76,2025-05-02,Philipton,Year 3,Oliver Ltd
6502,Jacqueline Willis,Male,20,Science,91.23,2025-10-17,Fletcherville,Year 1,Miller-Waller
7205,Matthew Marshall,Male,21,History,99.53,2025-02-18,North Johnview,Year 1,Hill PLC
5496,Sarah Pineda,Female,23,History,71.98,2025-07-24,Warrenshire,Year 3,Silva-Hall
9912,Andrew Pratt,Male,22,History,85.14,2025-05-19,West Jonathan,Year 3,Campbell LLC
1006,Anne Moore,Female,25,English,44.81,2025-05-27,New Amyfort,Year 3,Alvarado-Mendez
2494,Douglas Green,Female,24,History,79.1,2025-10-07,Ashleymouth,Year 1,Rose-Velazquez
3541,Jeffrey Thompson,Male,23,English,46.16,2025-09-01,Lake Nicole,Year 4,Reynolds-Nguyen
6255,Dr. Courtney Stein DVM,Male,21,English,94.57,2025-01-11,New Bradleychester,Year 2,"Martinez, Cruz and Bass"
8897,Donald Meza,Male,20,History,49.43,2025-01-20,New Rachel,Year 4,"Villa, Warren and Brock"
8693,Gregory Rush,Male,21,English,84.66,2025-01-23,South Sarahview,Year 1,"Ellis, Gomez and Frank"
4686,Jeffrey Hill,Female,18,English,82.12,2025-09-04,Port Jaredtown,Year 3,"Flores, Rhodes and Young"
3025,Pamela Warner,Female,22,Computer,97.44,2025-08-12,East Andrewport,Year 4,"Thomas, Martinez and Hudson"
7313,Maria Robinson,Female,18,Science,58.15,2025-09-09,North Lisa,Year 4,"Mosley, Wang and Harvey"
8982,James Moore,Male,21,English,96.38,2025-10-17,West Stacy,Year 1,Cole-White
1350,Aaron Morgan,Male,21,English,95.64,2025-08-31,Patriciaport,Year 1,Ritter Group
1853,Christian Rodriguez,Male,18,Math,94.95,2025-09-15,Charlesfort,Year 4,Smith-Medina
1630,Rebecca Ramos,Female,19,Computer,79.9,2025-07-03,New Samantha,Year 2,Zhang-Hunter
1393,Jonathan Day,Female,20,History,83.62,2025-04-07,Port Nicoleborough,Year 1,"White, Carroll and Gonzalez"
3782,Sean Rodriguez,Female,24,Math,84.02,2025-03-11,Justinbury,Year 1,Myers-Curry
6514,David Johnson,Female,21,English,49.53,2025-08-27,Williamside,Year 2,"Garcia, Perkins and Gill"
3021,Joshua Andrews,Female,25,Computer,56.1,2025-07-09,South Aliciachester,Year 1,Barr-Vaughan
5361,Nicolas Haney,Female,22,History,69.55,2025-08-21,South Robertborough,Year 3,"Gomez, Price and Watson"
7379,Mary Gilbert,Male,21,History,73.74,2025-05-06,Jerryside,Year 4,Ball-Rivera
2339,Christina Patterson,Female,22,Computer,54.1,2025-10-08,South Davidchester,Year 1,"Harris, Dodson and Bradford"
6664,Cheryl Holmes,Male,24,Computer,98.57,2025-08-29,Dodsonview,Year 4,Rodriguez PLC
9239,Victor Cooper,Male,21,Math,44.65,2025-06-03,West Mark,Year 1,"Ponce, Rodriguez and Lee"
5620,Marcus Vasquez,Female,20,History,47.48,2025-05-14,Mortonview,Year 3,Barnes-Sims
9772,Jordan Bradford,Female,19,History,79.81,2025-05-26,New Tylertown,Year 1,"Nolan, Scott and Brown"
7172,Robert Keller,Female,22,Computer,88.41,2025-02-23,Lake Andrea,Year 3,Strickland Ltd
4646,Kenneth Caldwell,Male,21,History,83.57,2024-12-13,North Williamport,Year 1,"Peterson, Horton and Chavez"
7266,Briana Hale,Male,20,English,71.1,2024-11-17,East Michael,Year 3,Lewis LLC
8274,Donna Stanton,Male,19,Science,95.21,2025-04-02,North Melissa,Year 4,Hayes-Davis
8803,Miguel Adams,Male,23,Computer,96.48,2025-06-11,North Nicholas,Year 1,"Rich, Wong and Nguyen"
1265,Angel Blanchard,Male,23,Science,94.82,2025-05-12,Laurenton,Year 3,Santiago-Thomas
4907,Terry Jackson,Female,18,Math,70.62,2024-12-21,Bryantside,Year 2,Morales-Ramirez
5251,Brian Acevedo,Female,23,Science,59.06,2024-12-28,Nancyport,Year 1,Mullins-Jones
5903,Renee Lopez,Male,22,English,97.53,2025-08-29,Tylerville,Year 3,Morales Ltd
9675,Billy Bell,Male,23,Science,80.97,2025-06-18,North Brian,Year 3,"Marsh, Rosales and Dalton"
2169,Sean Sanders,Male,21,English,82.93,2025-06-12,Raymondport,Year 4,Jackson Group
3549,Morgan Smith,Female,20,Math,47.35,2025-03-07,Williamtown,Year 3,Hensley-Bush
4379,Michael Boyle,Female,20,Science,55.43,2025-02-05,Jerrystad,Year 1,"Howard, Martin and Ingram"
4185,Michael Reyes,Female,24,History,76.1,2024-12-09,East Garyland,Year 3,Hopkins-Johnson
8226,Linda Floyd,Male,18,Math,88.86,2025-02-01,Bradleymouth,Year 2,"Jones, Ryan and Hicks"
4516,Kevin Huang,Female,18,History,87.16,2025-02-14,Rhondafort,Year 1,Gibson LLC
5067,Michael Jacobs,Female,21,Science,41.79,2024-11-14,Lake Joshuaville,Year 3,Coleman-Taylor
5243,Michael Dennis,Male,20,Math,90.75,2024-12-29,Brownville,Year 1,Mann PLC
3433,Melissa Cain,Male,22,Computer,71.41,2025-04-27,Ethantown,Year 3,"Lopez, Best and Faulkner"
5225,Mark Mitchell,Male,18,Science,78.03,2025-08-18,Charlesfurt,Year 3,"Carpenter, Cox and Hill"
7722,Louis Young,Male,22,English,86.73,2025-05-03,West Steven,Year 1,"Young, Gilbert and Pennington"
2973,Garrett Murray,Female,18,Science,88.34,2025-02-02,West Jenniferview,Year 4,"Hamilton, Hall and Harper"
3915,William Woods,Male,24,Computer,55.76,2025-01-03,Jacksonmouth,Year 3,Key-Gutierrez
2336,Jesse Roberts,Female,18,History,52.72,2025-09-01,Shelleyport,Year 4,"Hernandez, Faulkner and Owen"
3324,Teresa Ward,Female,23,English,75.68,2025-08-14,Gardnerside,Year 1,Velazquez LLC
3707,Jose Ryan,Female,21,Math,89.52,2025-05-13,New Alexanderstad,Year 3,Brown PLC
2124,Angela Underwood,Male,19,Science,81.25,2025-04-26,Port Samuel,Year 1,Wiley Inc
7747,Jennifer Kaufman,Male,20,Computer,62.17,2025-03-22,Longstad,Year 1,"Nguyen, Woods and Gonzalez"
1692,Jay Nelson,Male,18,English,40.34,2024-12-03,Donnaborough,Year 3,"Smith, Singleton and Hernandez"
2440,Marissa Dennis,Male,20,English,43.68,2025-10-09,Smithmouth,Year 4,Fields LLC
4926,Kristy Weber,Male,19,Science,88.36,2025-08-01,Ronaldview,Year 3,Graves Ltd
1037,Jennifer Brown,Male,18,Math,52.0,2024-12-29,Port Kayla,Year 3,"Miranda, Oconnor and Moore"
8638,Wesley Hoffman,Male,19,Science,43.32,2025-01-16,West Kathleen,Year 3,Black Ltd
4590,Jessica Hanson,Male,21,Math,74.07,2025-09-01,Kaylaville,Year 1,"Rodriguez, Howard and Williams"
9628,Andrew Kennedy,Female,18,Science,67.72,2024-12-17,Bishopshire,Year 4,"Rowe, Adams and Charles"
6401,Holly Clayton,Male,23,Computer,54.98,2025-01-31,Mcmillanchester,Year 3,Lee Group
2512,Trevor Price,Female,25,Science,42.3,2024-12-19,Wallermouth,Year 4,"Young, Cooper and Schultz"
2547,Maria Hoffman,Female,21,History,60.63,2025-06-27,Brendastad,Year 3,Wood Group
2114,Krista Farley,Male,18,Science,69.35,2024-10-25,North Justinborough,Year 2,Cunningham and Sons
7851,Lisa Kaiser,Female,25,Math,51.73,2025-05-06,New Trevorhaven,Year 1,"Reynolds, Mccoy and Eaton"
6736,Randy Mitchell,Male,18,Science,44.86,2025-04-26,Lake Jessica,Year 2,"Keller, Anderson and Anthony"
9591,Monica Bridges,Male,25,Computer,78.5,2025-08-24,Lindsayport,Year 4,"Knapp, Delgado and Mckee"
6553,Jordan Roberson,Male,22,Science,50.37,2025-01-11,East Samuelberg,Year 2,"Miller, Parks and Poole"
6967,Zachary Fowler,Female,22,English,86.31,2025-01-26,Powersview,Year 2,"Walters, Peterson and Taylor"
9327,Joshua Day,Male,18,English,56.09,2025-08-24,New Jacobshire,Year 2,Jones-Young
9537,Sarah Day,Male,25,Math,41.09,2024-12-24,Aguilarshire,Year 4,Morgan-Hardy
3453,Lindsey Palmer,Female,22,History,67.03,2025-10-03,Lake Larry,Year 3,"Cook, Huber and Simon"
1281,Blake Griffith,Female,25,Math,45.05,2024-12-15,Patrickburgh,Year 1,"Long, Burke and Watkins"
6125,Michael Franklin,Female,20,Science,40.03,2025-06-09,Nathanstad,Year 3,"Vega, Rojas and Walker"
6839,Ellen Whitaker,Male,21,Science,75.12,2025-04-22,Lake Stevenside,Year 4,Sanchez-Payne
4685,Colton Stark,Male,22,Science,91.78,2025-07-20,Fullerstad,Year 4,"Hunter, Smith and Cox"
8245,Miranda Gregory,Male,19,Science,74.14,2024-11-17,Lake Alexis,Year 1,Johnson and Sons
1680,Amy Francis,Female,21,Math,51.32,2025-10-19,Barnettland,Year 4,"Collins, Oliver and Mcdaniel"
5665,Lindsey Stephens,Male,20,Computer,85.48,2024-11-26,Jamieland,Year 2,"Richmond, Tyler and Riddle"
1105,Emily Stanley,Male,24,Math,48.91,2025-01-07,East Amandahaven,Year 1,Hawkins LLC
5320,Joshua Grant,Male,24,History,66.96,2024-12-08,East Charlesberg,Year 1,"Mendez, Costa and Robinson"
2145,Shannon Berry,Male,19,English,99.44,2024-11-13,Campbellbury,Year 3,"Byrd, Rodgers and King"
8532,Tiffany White,Female,24,History,44.33,2025-07-05,East Rick,Year 4,"Lynch, Kelly and Alvarado"
4019,Andrea Burke,Female,19,Science,55.14,2024-12-29,Tiffanyfurt,Year 3,"Wolf, Clark and Wilkerson"
1031,Brandon Sullivan,Male,19,History,90.07,2024-11-04,Jacksonville,Year 1,Hardy Inc
3221,Amanda Walter,Male,24,Computer,43.41,2025-05-17,Russellside,Year 2,Brown Ltd
3476,Ryan Mcdonald,Male,24,English,50.95,2025-02-17,Port Charles,Year 3,Wilson Inc
6323,Matthew Pearson,Male,22,History,49.48,2025-03-02,Feliciaburgh,Year 2,"Fernandez, Cohen and Marshall"
4549,Marcus Molina,Female,25,Science,94.08,2024-12-10,North Frank,Year 4,Soto-Wilcox
1489,Tabitha Hoover,Female,22,Computer,71.86,2025-04-20,Ericamouth,Year 4,Whitehead and Sons
2063,Kelly Hodges,Male,19,Computer,93.97,2025-02-02,Heidistad,Year 3,Perez-Dorsey
5985,Cindy Garner,Female,19,History,66.71,2025-03-15,Changburgh,Year 4,Gilbert-Young
9758,Sonya Sandoval,Male,25,English,45.25,2025-06-25,North Patrick,Year 1,Montgomery-Hoover
1126,John Rivera,Male,25,English,45.25,2025-02-24,Mariotown,Year 2,Campbell LLC
7340,Erin Abbott,Male,24,Science,82.08,2025-07-17,Dennisfurt,Year 3,Cunningham Inc
2828,Diana Davidson,Male,23,Science,65.45,2025-03-01,Arthurmouth,Year 4,"Sawyer, Hudson and Lutz"
3535,Dylan French,Female,20,English,55.62,2025-08-21,Shawnside,Year 1,"Williams, Lopez and Keller"
5077,Amy Murray,Male,23,Computer,54.84,2024-12-31,Fernandezfurt,Year 2,Adams Ltd
4299,Meagan Mcintyre,Female,20,History,87.76,2025-09-13,Maryland,Year 2,Walker-Rogers
6144,Mark Terrell,Male,24,Computer,49.33,2025-08-07,Colestad,Year 2,Collins and Sons
8620,Teresa Davis,Male,24,Math,41.84,2025-10-19,Lopezfurt,Year 1,Mendoza-Potts
6271,John Gordon,Male,20,Computer,46.36,2025-05-07,South Reginamouth,Year 2,Williamson-Mckinney
3035,Jordan Valdez,Male,20,Math,80.3,2025-03-17,North Jason,Year 1,Harrison-Torres
5547,Teresa Smith,Female,25,Science,76.21,2025-01-25,Katherineborough,Year 2,Ramirez-Moore
3971,David Murphy,Male,20,Science,76.67,2025-09-09,Geraldfurt,Year 3,"Smith, Stein and Bradshaw"
9176,Rebecca Collins,Female,22,History,56.83,2024-12-08,Patriciashire,Year 3,Mann PLC
6006,Gregory Cruz,Male,21,Math,85.92,2024-11-08,Cynthiashire,Year 1,Collins-Simpson
9422,Daniel Ali,Female,23,English,55.67,2025-09-18,East Carol,Year 3,"Johnston, Carr and Schwartz"
3103,Vanessa Ochoa,Male,24,History,40.37,2024-12-07,East Carlview,Year 3,Gray Ltd
3537,Mr. Christopher Day,Male,19,English,82.1,2024-12-26,South Annachester,Year 1,Mitchell Group
9889,Kim Andrade,Female,20,History,62.85,2025-06-28,New Karenmouth,Year 1,Lewis Inc
3446,Erin Russell,Male,23,History,99.87,2025-07-21,Colleenhaven,Year 4,Perez-Clarke
6683,Raymond Cooper,Female,21,Computer,89.75,2025-07-07,East Jessica,Year 1,Kramer LLC
8639,Thomas Salas,Female,23,Science,82.68,2025-08-14,Lake Coreyhaven,Year 2,Terry Inc
4093,Jason Bell,Female,21,History,60.91,2025-03-06,North Marioland,Year 2,"Smith, Jones and Schmidt"
7772,Cindy Lopez,Female,19,English,68.57,2025-02-27,Oscarchester,Year 2,"Warren, Santos and Roberts"
3345,Mary Caldwell,Male,23,English,77.4,2025-09-25,East Samantha,Year 4,"Quinn, Silva and George"
6483,Joshua Woodard,Male,19,Math,78.88,2025-09-06,East Charles,Year 3,Miller LLC
1535,Jessica Ellis,Female,25,Math,77.83,2025-08-13,West Kerryborough,Year 4,Hall-Curry
3008,Sara Davis DDS,Male,19,English,42.15,2024-11-14,Haileyberg,Year 2,"Potts, Evans and Nguyen"
8770,Stephanie Hughes,Female,19,English,70.22,2025-04-07,South Jaredchester,Year 3,Gibson-Martin
2405,Beverly Griffin,Female,25,History,76.19,2025-04-22,New Michaelton,Year 4,Scott-Hardy
2567,Jennifer Oliver,Male,21,History,49.26,2025-10-13,East Leslie,Year 4,Hernandez-Torres
1920,Michael Price,Male,23,History,53.91,2025-02-26,South John,Year 3,Briggs PLC
7805,Eric Williams,Female,21,Computer,98.08,2025-01-17,New Amanda,Year 2,Chapman PLC
7642,Cynthia Cook,Female,24,Computer,93.76,2025-01-31,Taraville,Year 3,"Jones, Fuller and Huffman"
1925,Robin Shaw,Female,25,History,93.77,2025-03-25,New Patrickport,Year 4,Peterson and Sons
6382,Heather Mclaughlin,Female,18,English,76.94,2025-05-01,Ellisshire,Year 2,Dunn-Vargas
1604,Yolanda Martinez,Male,19,Math,62.69,2025-05-30,Blackwellhaven,Year 1,Arnold-Vasquez
9080,Michael Irwin,Male,20,Science,66.69,2024-11-12,West Michelleton,Year 2,Lewis Ltd
4060,Sierra Green,Female,20,English,44.21,2025-05-12,North Jamesmouth,Year 4,Ryan Inc
5779,Mark Jordan,Female,19,Computer,52.77,2025-02-23,West Courtneyburgh,Year 1,"Smith, Martinez and Moore"
6498,Laura Hoffman,Male,25,Computer,74.06,2025-10-12,Lake Timothyview,Year 2,Zuniga-Horne
6653,Sandra Villegas,Male,22,Science,63.07,2025-07-19,Lake Joshua,Year 2,Knapp PLC
6787,Jamie Terry,Female,18,English,54.45,2025-08-01,West Pamelaville,Year 1,Wong-Gomez
5745,Darrell Hess,Female,19,Math,92.16,2024-11-28,Port Susanshire,Year 2,"Lucas, Diaz and Bailey"
2806,Meghan Benson,Male,24,English,92.62,2025-09-30,West Joshua,Year 1,Cabrera-Porter
7797,Sydney Silva,Male,22,History,59.2,2024-12-21,Harveymouth,Year 1,White Inc
4373,Craig Hammond,Male,21,History,91.96,2024-10-26,West Dawn,Year 3,Campbell-Johnson
9661,Danielle Cain,Female,25,English,94.39,2025-01-30,Woodardborough,Year 3,Lewis-Alvarez
4250,James Whitaker,Female,19,Computer,64.02,2025-07-27,Hurleytown,Year 4,Long-Shepard
7345,Madison Hester,Male,24,Science,66.26,2024-11-14,Riceberg,Year 4,"Benjamin, Miller and Lane"
5704,Ms. Laurie Rice,Female,20,History,60.01,2025-09-11,Gregoryburgh,Year 2,Taylor-Smith
5917,Paula Eaton,Female,23,Science,90.52,2025-01-26,Silvahaven,Year 2,Cantrell-Wright
2550,Michael Russo,Female,24,Science,45.91,2025-02-22,North Diana,Year 2,"Martinez, Johns and Young"
7436,Jessica Owens,Male,21,Math,76.55,2025-06-10,East Laura,Year 1,"Wong, Russell and Reese"
1906,James Woodard,Male,20,Computer,45.69,2024-12-17,Lake Joshuaside,Year 3,Solomon Inc
3748,David Mullins,Male,19,Math,67.59,2024-11-13,North Victoriaview,Year 2,"Terry, Beltran and Wilson"
3823,Kimberly Davenport,Female,22,Math,51.02,2024-12-18,Kaiserstad,Year 3,Durham PLC
8086,Robert Graham,Male,23,Computer,86.59,2025-01-17,Alexanderfort,Year 2,"Cruz, Bell and Young"
3005,Sherri Willis,Female,24,Computer,75.66,2024-12-05,East Diana,Year 2,Coleman LLC
7270,Kristina Mason,Male,25,English,48.64,2025-01-10,South Nicholashaven,Year 1,Keith-Ibarra
7020,Sheila Howard,Female,22,Math,53.18,2024-10-22,Jenniferland,Year 4,Rivera LLC
3050,Sean Cortez,Female,20,Science,64.55,2025-02-04,New Michael,Year 1,Nelson Inc
3560,Patricia Leonard,Female,21,History,63.26,2025-08-25,Stokesberg,Year 2,Tran-Thompson
1167,Vincent Adkins,Female,21,Computer,74.27,2025-08-23,Gutierrezton,Year 1,"Kim, Dixon and Frey"
7882,Patrick Cain,Female,23,English,89.13,2025-04-05,Flowerschester,Year 1,Brown-Hayes
1723,Adam Small,Female,19,Science,56.01,2025-03-09,New Robertborough,Year 1,Rush Inc
5879,Carrie Mcintyre,Male,22,English,73.97,2025-09-23,Rachaelbury,Year 1,Evans Group
7059,Jeffrey Clark,Male,25,Math,96.42,2025-04-12,Ericborough,Year 4,Williams and Sons
7955,Ryan Gutierrez,Female,22,Math,80.26,2025-01-03,Sarahborough,Year 1,Burke LLC
7967,Brianna Carter,Male,21,English,56.92,2025-04-28,South Michaelberg,Year 3,Reyes-Miller
7769,Gregory Lewis,Female,25,Math,80.27,2025-10-14,East Christinaville,Year 4,"Knight, Mooney and Andrews"
2314,Tony Mejia,Female,25,English,45.74,2024-11-29,New Tonyshire,Year 1,Yang LLC
6853,Sharon Turner,Female,22,English,41.95,2024-11-22,North Donna,Year 3,Chambers LLC
5614,Eugene Johnson,Female,22,Computer,58.92,2025-06-25,East Vickiebury,Year 3,Schmidt-Hoover
4455,Katherine Reed,Female,22,English,72.8,2025-01-18,East Jamesborough,Year 3,"Peterson, Kent and Scott"
1106,Amanda Armstrong,Male,25,English,48.96,2025-10-14,East Christineton,Year 1,"Williamson, Hughes and Barnett"
2526,Anthony Craig,Female,19,History,54.44,2025-01-01,Tinachester,Year 2,"Sims, Willis and Morris"
3660,Shelly Jones,Female,25,History,94.1,2025-05-02,Bernardview,Year 3,Price-Jones
1876,Nathan Dixon,Male,22,Math,46.53,2024-10-29,Johnberg,Year 1,Taylor-Hobbs
9128,Brad Holland,Male,24,History,55.08,2025-06-15,Copelandbury,Year 3,"Turner, Salinas and Rivera"
1957,Eric Lewis,Female,25,Computer,83.98,2025-04-06,Lake Joy,Year 3,Ayers-Hancock
5199,Mr. Matthew Lopez MD,Female,21,Science,68.89,2025-09-20,Port Michaelmouth,Year 2,Stark LLC
8999,Terrance Atkins DVM,Male,25,Math,83.97,2025-06-16,South Michaeltown,Year 3,"Lowe, Mullins and Woods"
5718,Miranda Scott,Female,20,Math,99.03,2024-11-11,Adamchester,Year 3,Byrd PLC
4847,Suzanne Lopez,Female,18,Math,78.7,2025-05-15,Michaelchester,Year 2,Sherman-Snyder
6134,Christian Webster,Male,23,English,60.2,2025-03-19,New Jessicahaven,Year 2,Jackson-Mitchell
3203,Robert Clayton,Male,24,English,60.35,2025-01-31,Loganton,Year 4,"Paul, Mcmillan and Diaz"
4186,Caleb Houston,Male,21,Math,50.86,2025-02-25,East Kelly,Year 2,"Simmons, Harris and Dillon"
2639,Jasmine Marshall,Male,24,History,57.99,2025-03-14,New Vanessaview,Year 1,"Stanley, Bird and Harris"
8677,Tonya Campbell,Male,25,Math,41.63,2025-05-06,Danielberg,Year 2,Sutton-Doyle
1538,Christopher Gutierrez,Male,21,Math,66.45,2025-02-20,North Brian,Year 2,Perry Group
4680,Robert Vincent,Male,19,Math,58.97,2024-11-14,Stokesmouth,Year 1,Liu PLC
1344,Susan Anderson,Male,20,History,75.81,2025-01-15,East Monicaville,Year 2,"Collins, Mckinney and Kelly"
8242,Brian Thomas,Female,20,Computer,54.69,2025-10-20,New Elizabethtown,Year 4,Russell-Robinson
6208,Kristen Sanchez,Male,23,Math,85.35,2025-06-06,Thompsonview,Year 1,Lee-Miller
7014,Kaitlyn Rose,Male,19,Computer,95.99,2025-06-11,Faithfort,Year 4,Roberts-Ross
6668,Melissa Jenkins,Male,24,Computer,75.06,2025-04-08,Andrewview,Year 4,Smith Inc
8320,Paul Howard,Female,20,English,64.72,2025-05-25,East Heatherville,Year 4,Foster-Mcdonald
3210,Rebecca Schaefer,Female,18,English,89.76,2025-05-09,Martinezton,Year 1,Sanders Inc
3020,Maria Gordon,Female,21,Science,41.43,2025-07-09,Lauraville,Year 4,"Strickland, Rich and Lewis"
4429,Desiree Collins MD,Male,22,Math,67.9,2025-06-16,South Chrisview,Year 4,Liu-Palmer
6534,Matthew Young,Male,20,Computer,67.02,2025-06-25,South Amandashire,Year 2,"Robbins, Villarreal and Lynch"
8168,Dana Cook,Female,24,Math,62.7,2024-11-10,Port Douglasmouth,Year 4,"Valenzuela, Baird and Sullivan"
6487,Michael Watkins,Male,21,Computer,51.34,2025-02-12,Isabellaport,Year 1,Preston PLC
4995,Eric Hall,Female,18,History,64.84,2025-06-01,North Jessica,Year 2,"Powell, Johnson and Thomas"
1624,Patricia Miller,Male,24,Computer,85.54,2025-05-13,Kennedyview,Year 3,Mcclain Ltd
3648,Joy Morris,Female,21,Science,62.5,2025-10-01,Gomezburgh,Year 2,"Hall, Powell and Hopkins"
7144,Summer Castro,Female,23,Computer,64.26,2025-05-04,Lake William,Year 3,Smith-Bradshaw
6220,Bonnie Reese,Male,22,History,45.46,2025-06-19,North Joshuafurt,Year 1,"Howe, Rowe and Watson"
5006,Vanessa Cruz,Male,24,Math,86.02,2024-12-29,Clarkport,Year 4,Craig-Matthews
2804,Michelle Williams,Male,22,Math,74.68,2025-08-26,New Stephanieview,Year 4,"Ruiz, Cole and Wall"
7564,Eric White,Female,23,English,40.34,2025-03-26,West Markstad,Year 2,Wallace-Rivera
5204,Isabella Robinson,Female,23,Math,95.2,2025-06-20,North Jenniferborough,Year 1,"Taylor, Bradley and Finley"
9093,Ronald Sharp,Male,20,Computer,55.83,2025-03-02,Port Brian,Year 3,"Patterson, Schneider and Nelson"
3673,Nicholas Casey,Female,19,Science,69.98,2024-10-25,West Rachel,Year 2,Potter-Ferguson
4341,William Griffith,Female,18,Math,49.96,2025-08-02,Samanthashire,Year 2,Cross Ltd
3425,Angela Collier,Female,19,Computer,88.63,2024-12-24,Newmanberg,Year 4,Patterson LLC
1187,Mark Wright,Male,25,History,43.93,2024-10-24,West Michaelland,Year 2,White-Ritter
1417,Matthew Hess,Male,25,History,41.65,2025-07-31,South Dana,Year 4,Harris Inc
3473,Dr. Charles Sullivan,Male,20,History,74.54,2025-10-01,New Travisburgh,Year 3,Tyler Group
7893,Samantha Bentley,Female,19,History,87.35,2024-12-22,Leahfort,Year 2,Jackson-Clark
6656,Wesley Stein,Female,18,English,96.28,2025-10-18,Henryberg,Year 1,"Avila, Bernard and Mullins"
9492,Philip Middleton,Male,25,Science,53.75,2024-12-09,Lake Ryanland,Year 1,"Lara, Henderson and Bridges"
8167,Thomas Lynch,Female,20,Science,75.19,2025-07-15,New Ethanton,Year 1,"Reid, Smith and Knight"
3199,Emily Jackson,Female,20,Computer,44.93,2024-12-31,Harryside,Year 2,"Perez, Sampson and Jones"
9924,Jason Smith,Male,18,History,99.18,2025-05-30,South Terriland,Year 2,Huang-Brown
9768,Teresa Murphy,Female,20,Math,56.87,2025-04-16,North Moniqueview,Year 2,Orozco-Johnson
4408,Jason Gibson,Male,19,Science,85.06,2024-11-27,Jeffreyberg,Year 3,Fletcher and Sons
5138,Krista Mcfarland,Male,22,English,48.93,2025-07-09,South Richardville,Year 3,Nicholson-Velasquez
5109,Carly Davis,Male,21,Math,43.13,2025-07-25,South Daniel,Year 2,Thompson-George
2798,Lisa Salas,Female,19,Science,58.45,2025-10-16,Veronicamouth,Year 2,Campbell Ltd
5633,Tiffany Carter,Female,20,History,96.87,2025-04-03,Anthonyport,Year 4,Glenn PLC
9070,Jeffrey Adkins,Male,23,Computer,68.66,2025-01-30,West Wesleybury,Year 1,Rice-Patton
5343,Christian Wilson,Female,20,History,56.99,2025-09-13,Smithbury,Year 1,"Brock, Leonard and Melton"
4519,Timothy Rocha,Female,18,Math,73.8,2025-09-28,Brianview,Year 3,Williams-Shelton
1396,Jesus Reed,Male,18,Math,77.85,2025-01-14,South Janice,Year 1,Marquez and Sons
7452,Tara Randolph,Male,25,Science,58.35,2025-01-13,Jenniferborough,Year 2,"Payne, Jensen and Odom"
1054,Nicole Hartman,Female,24,Math,40.21,2025-05-26,South Kelsey,Year 1,Hale Ltd
7309,Jeffrey Grimes,Female,20,Math,88.32,2025-06-21,Matthewport,Year 3,Jackson-Harrell
6612,Jermaine Morris,Female,23,Computer,44.59,2025-09-07,Leebury,Year 3,Hunter Inc
4645,Jennifer Collins,Female,24,Computer,80.79,2025-02-28,Lake Todd,Year 3,Edwards LLC
7297,Mr. George Taylor III,Male,25,Science,93.51,2025-02-11,Riverastad,Year 4,Roberts-Greene
7535,William Hall,Female,24,English,77.08,2024-12-18,New Jamesborough,Year 4,"Jackson, Hamilton and Bonilla"
4684,Robert Knight,Female,23,Science,56.92,2025-03-26,New Kristenchester,Year 3,Lane LLC
3359,Corey Flores,Male,24,Science,46.64,2024-11-18,Richardshire,Year 3,Goodwin-Graham
2518,John Ramirez,Female,20,English,94.58,2025-06-18,Diaztown,Year 2,Wheeler PLC
4763,Lisa Rodriguez,Male,20,Computer,52.62,2025-09-01,North Morgan,Year 4,"Ruiz, Curry and Carter"
7218,Angela Porter,Female,22,History,50.51,2024-11-30,Port Rhondamouth,Year 4,Silva Ltd
4660,Sara Arnold,Male,20,History,49.29,2025-08-01,South Tracy,Year 4,"Mora, Mendoza and Dalton"
7988,David Cooley,Female,18,English,50.06,2024-11-12,South Patrick,Year 4,Baker-Williams
4248,Dominique Preston,Male,24,Science,43.98,2025-09-23,Harperburgh,Year 2,"Morales, Mccormick and Ortiz"
6635,Thomas Williams,Female,25,English,93.07,2025-02-25,East Jamesside,Year 1,Keller Ltd
5617,Laura Kent,Male,22,Math,86.44,2024-11-15,New John,Year 2,"Graham, Gibbs and Douglas"
2392,Peter Wilkinson,Male,25,History,67.95,2025-07-11,North Rogerberg,Year 1,Graves Ltd
1681,David Kline,Male,18,English,52.16,2025-05-25,New Kaitlynland,Year 2,"Johnson, Underwood and Johnson"
7155,John Wallace,Female,25,Science,43.35,2025-09-08,Lake Nicoleburgh,Year 3,Cole and Sons
9995,Melissa Tanner,Female,22,Computer,52.64,2025-01-11,East Jasonshire,Year 2,Mckinney Group
4569,Edward Lutz,Female,22,English,80.8,2025-06-02,Lake Daniel,Year 3,"Cooper, Wilson and Stevenson"
4239,Christine Hernandez,Female,21,Computer,49.32,2025-04-13,Stephensstad,Year 1,Mitchell Group
5507,Linda Medina,Female,23,English,59.41,2025-04-03,Lake Deborahfort,Year 1,Perez Ltd
9064,Miguel Hernandez,Female,20,Computer,63.65,2024-12-12,Huntstad,Year 2,Wright-Green
1703,Sherry Ramirez,Female,21,Math,43.42,2025-03-20,Cindymouth,Year 1,Baker Group
7259,Brittany Hernandez,Male,22,Math,65.35,2025-09-08,Scottville,Year 2,Roth LLC
8971,Cody James,Male,21,Science,89.69,2025-01-23,North Christopher,Year 3,Walker and Sons
6180,Luis Shannon,Male,24,Computer,47.27,2025-05-02,Port Josephside,Year 3,"Webster, Osborn and Galloway"
4164,Steven Cohen,Male,25,English,93.45,2025-06-17,Elijahburgh,Year 2,"Morrison, Serrano and Mcdaniel"
6109,Laura Harris,Female,22,Science,98.54,2025-04-01,West Susan,Year 3,Rojas Ltd
1362,Tammy Sampson,Female,19,Computer,72.38,2025-05-10,Port Curtishaven,Year 2,Weaver PLC
7131,William Willis,Male,21,History,43.85,2025-09-09,Lake Deniseville,Year 2,Moore-Hall
9557,David Thomas,Male,24,Math,74.94,2025-01-19,Alexandraborough,Year 2,"Farrell, Martin and Johnson"
9901,Laura Hicks,Female,20,History,52.89,2025-06-09,Rodrigueztown,Year 3,Fletcher-Singh
4216,Barbara Turner,Male,19,Computer,88.28,2024-12-24,Jenniferton,Year 4,Hansen Group
4317,Lynn Miller,Female,24,Math,41.08,2025-04-19,New Jacob,Year 4,"Anderson, Rowland and Cain"
4122,Tiffany Clayton,Female,19,Computer,93.72,2025-06-30,Davidton,Year 4,"Cook, Griffith and Wade"
6019,Jason Russell,Female,24,Math,73.02,2025-09-27,Lake Deborahtown,Year 3,Robinson-Davis
3037,James Weber,Female,20,Science,93.9,2025-06-20,South Nathan,Year 2,Long-Watkins
7714,Adam Wright,Male,25,Computer,65.82,2024-12-08,Port Amandabury,Year 3,Wright and Sons
5733,Jessica Brooks,Female,22,English,69.7,2025-08-17,Dennismouth,Year 4,"Davis, Schmidt and Humphrey"
5660,Lisa Peterson,Male,25,English,88.98,2025-07-27,South Patricia,Year 1,Goodwin PLC
1441,Latoya Miranda,Female,21,Science,77.12,2025-04-07,Griffithstad,Year 4,Rogers-Hicks
4917,Nicole Barrera,Male,23,History,90.31,2025-06-03,Monicashire,Year 3,"Ward, Richardson and Meyer"
5530,Kyle Humphrey,Female,21,Math,67.24,2024-12-06,Brooksfort,Year 2,"Hartman, Boyer and Herman"
9910,Anna Rodgers,Female,24,Science,71.46,2025-04-14,Danielleborough,Year 2,"Ford, Allen and Cox"
1975,Edward Scott,Male,20,English,83.39,2024-11-28,Brownside,Year 4,Ellis-Houston
4335,Shelly Kelly,Male,25,History,83.6,2025-03-09,Prestonfort,Year 2,"Hood, Coleman and Hansen"
7917,Holly White,Female,20,English,92.27,2025-05-11,Curtisside,Year 1,Mcdonald-Vargas
3654,Courtney Bell,Male,21,Science,96.87,2025-05-09,Aprilstad,Year 3,"Flores, Norton and Roth"
3817,John Parker,Female,20,Science,53.1,2025-02-10,Davidton,Year 2,"Johnson, Hanson and Garrett"
6079,Roger Miller,Male,18,English,84.64,2025-05-05,Bushborough,Year 2,Jones-Nelson
3094,Jeffrey Herman,Male,19,Computer,91.29,2025-03-11,Doyleshire,Year 2,Navarro-Guerrero
4332,Robert Snyder,Male,22,Computer,42.11,2025-02-18,New Aprilbury,Year 3,"Barnes, Crane and Brooks"
9183,John Brown,Male,18,Math,89.63,2025-05-08,Bakerbury,Year 1,"Johnson, Thomas and Werner"
7212,Amy Gutierrez MD,Male,25,English,42.58,2025-07-12,Millerstad,Year 3,"Rodriguez, Molina and Curry"
2809,Kevin Washington,Male,22,Science,86.77,2024-12-30,West Brian,Year 2,Brown PLC
9506,Jessica Lee,Female,22,History,82.45,2025-05-17,South Christine,Year 4,Norton LLC
7455,Cheryl Brown,Male,18,Science,73.6,2024-10-31,Mariahside,Year 2,Perez PLC
4811,Jacob Mays DDS,Male,20,Science,57.76,2025-03-30,Powellburgh,Year 3,Tyler and Sons
2106,Victor Collins,Female,23,Science,40.85,2024-12-19,Nicholsshire,Year 4,Wright-Guerrero
1509,Miss Angela Martinez,Female,25,Computer,57.66,2025-01-31,West Nicoleborough,Year 3,Hampton PLC
8460,Joseph Thomas,Male,18,Math,65.06,2025-02-17,Calvinland,Year 2,Lewis Inc
9824,Mrs. Victoria Massey MD,Male,24,History,96.08,2025-02-12,New Kevin,Year 3,Yu-Lee
6388,Seth Harris,Male,21,Math,43.24,2025-10-06,New Anthony,Year 4,White-Padilla
4268,John Best,Male,19,English,74.63,2025-09-11,Collinsfurt,Year 4,"Price, Buchanan and Reynolds"
5045,Mrs. Jennifer Wilson,Male,23,Science,45.72,2025-05-29,Benjaminview,Year 4,Kelley-Williams
8435,Katherine Simon,Male,24,Science,43.2,2025-05-26,South Jameston,Year 2,"Jones, Williams and Henry"
4340,Randall Woods,Male,19,History,68.08,2025-03-19,Kellystad,Year 4,"Dunlap, Rios and Morris"
2525,Lacey Santiago,Male,20,Math,93.93,2025-04-09,West Janet,Year 3,Logan-Hernandez
4195,Mike Hansen,Female,24,Math,49.86,2025-04-17,Troyview,Year 1,Hall PLC
8602,Anthony Tyler,Male,24,Computer,50.84,2025-01-28,Cummingsborough,Year 2,Davidson-Erickson
7827,Dr. Brian Russell,Male,22,Computer,76.43,2025-09-07,Wardstad,Year 3,Brewer LLC
4163,Lauren Porter,Female,21,Math,81.02,2025-07-21,West Ericchester,Year 1,Smith-Black
2740,Ryan Gutierrez,Male,21,English,65.48,2025-09-24,Leslieton,Year 4,Powers and Sons
5867,Jordan Taylor,Female,25,English,90.31,2024-12-23,Port Stephen,Year 2,"Lopez, Martinez and Perez"
3315,David Bennett,Female,19,Math,84.36,2024-11-30,Samanthahaven,Year 4,Ferguson PLC
5153,Jaime Rivera,Female,20,Science,63.66,2025-07-29,Ericbury,Year 2,"Robinson, Burns and Petty"
6486,Kevin Brown,Female,19,History,73.73,2024-10-28,Lake Stephenfort,Year 2,Bates-Bradley
3421,Susan Allen,Male,25,History,74.3,2024-12-16,Rebeccaberg,Year 4,Hughes-Lloyd
1013,Melissa Garcia,Female,23,Science,97.28,2025-05-02,Elizabethville,Year 2,Diaz-Green
8593,Cameron Stewart,Male,18,English,50.3,2025-08-13,Marcustown,Year 2,Spencer LLC
8011,Nicole Miller,Male,20,Science,76.78,2024-10-23,Lake Brandichester,Year 1,Warren Group
9625,Michael Walsh,Male,20,Science,70.46,2024-12-30,South Ebonyport,Year 2,"Lee, Baker and Valentine"
4548,Christina Mcclain,Male,25,English,42.17,2025-03-13,Cartermouth,Year 4,Gonzalez-Smith
4155,Stephanie Black,Female,21,Math,81.0,2025-04-07,Davidview,Year 3,"Harris, Floyd and White"
4673,Annette Sanchez,Male,19,Science,91.2,2025-06-15,East Connieland,Year 2,"Ford, Ware and Snow"
9614,Jackie Flynn,Female,18,Computer,89.72,2025-03-30,East Lisaport,Year 1,"Clark, Williams and Castillo"
3876,Amanda Lewis,Male,25,Science,98.95,2024-12-22,East Dennismouth,Year 2,"Sanchez, Davis and Waters"
4785,Anita Gardner,Female,22,Science,97.05,2025-02-02,New Juanton,Year 1,"Miller, Hawkins and Brooks"
1283,Steven Sanders,Male,22,Computer,61.09,2024-11-18,Reevesland,Year 1,Taylor Ltd
1550,Rachel Thompson,Female,22,Computer,44.72,2025-09-03,East Christopherborough,Year 4,"Pineda, Williams and Ramos"
2347,Jessica Vaughn,Female,25,Math,71.99,2025-05-18,Debraville,Year 2,Fisher LLC
8896,Stacy Wilson,Female,24,Math,51.9,2024-12-15,Romerochester,Year 2,Moore-Perez
3183,Jacqueline Wilson,Male,24,Math,59.36,2025-09-22,Hernandezshire,Year 3,Kelley-Shaw
9303,Amanda Hahn,Male,19,History,72.16,2025-08-07,Sherryview,Year 1,Walters Group
8445,Jeffrey Crawford,Male,22,Computer,55.05,2025-08-09,Port Shawnville,Year 2,"Robinson, Thompson and Bradley"
5651,Jessica Hall,Female,19,English,82.49,2025-03-16,Mcknightberg,Year 4,Mccarthy-Mills
5038,Ryan Montgomery,Male,20,English,56.41,2025-08-13,Kyleton,Year 3,Stephens-Clark
9584,Tommy Watkins,Male,22,Computer,76.28,2025-03-02,West Teresamouth,Year 3,Banks Ltd
5939,Danny Ford,Female,18,Math,91.8,2024-11-16,Moorebury,Year 4,"Moore, Harris and Walker"
4933,Stacey Nguyen,Female,19,Math,43.41,2025-10-07,South Theresa,Year 1,"Bryan, Clayton and Summers"
3912,Mrs. Rhonda Daniels,Female,21,History,49.84,2025-10-05,Lesliestad,Year 4,Boyd-Lawrence
4638,Linda Preston,Male,23,Computer,43.92,2025-09-01,Lake Derekhaven,Year 1,Robertson Ltd
1352,Gavin Dunn,Female,24,Science,98.95,2025-06-19,East Karen,Year 3,Gordon-Mcguire
7614,Alexander Little,Female,25,English,43.31,2025-07-01,East Sarah,Year 2,Lee-Ferguson
8138,Tiffany Thomas,Female,24,Computer,83.38,2024-10-27,Amyfort,Year 2,Riley-Robinson
2829,Robert Pacheco,Female,24,English,58.54,2024-11-17,Daystad,Year 3,Newman LLC
3069,Megan Flores DDS,Male,19,Science,74.69,2025-04-03,North Daniel,Year 3,Roberts-Watson
1605,Lori Gregory,Female,23,Science,81.9,2025-02-28,Harrisonton,Year 2,King-Harris
1004,Jennifer Raymond,Female,25,History,57.46,2025-01-04,Sarahchester,Year 3,Stevens-Tran
1701,Mary Ortiz,Male,18,Math,49.18,2025-02-04,Muellerbury,Year 4,Green-Gibson
3247,Stacey Perry DDS,Female,19,History,40.38,2025-07-22,Griffinfurt,Year 1,Bonilla Group
2312,Nicole Dougherty,Female,18,History,55.65,2024-11-29,Justinport,Year 3,"Owens, Smith and Miller"
7206,Lisa Cook,Male,24,Computer,96.71,2025-01-24,Kyleshire,Year 1,Howell Inc
2961,Donald Gordon,Male,23,Science,93.52,2025-09-18,Cobbmouth,Year 4,"Robbins, Richardson and Foley"
9543,Christopher Nicholson,Male,19,Computer,40.69,2025-10-04,Dukeborough,Year 3,"Green, Moore and Thomas"
2222,Danny Ballard,Male,25,English,81.07,2025-04-09,Rebeccamouth,Year 2,Brown-Delgado
1768,Tiffany Anderson,Female,25,Science,81.11,2025-05-24,North Aprilhaven,Year 3,Hill Ltd
9440,Gerald Cole,Female,18,Math,88.39,2025-05-13,Lake Bethany,Year 2,"Luna, Orozco and Johnson"
2078,Emily Montgomery,Female,23,History,94.2,2025-08-07,Atkinsonton,Year 1,Garcia-Warner
1966,Kenneth Baker,Female,18,Computer,44.03,2025-05-10,New Brian,Year 1,Cooper Inc
5858,Megan Jennings,Female,18,Computer,71.1,2025-06-28,Shawport,Year 1,Gallagher LLC
2093,Sarah Mack,Female,18,English,98.4,2025-04-21,North Dariusfurt,Year 3,"Mclean, Gibson and Green"
8590,Susan Nelson,Male,21,Computer,53.68,2025-01-11,North Chelseamouth,Year 1,Steele LLC
5755,Allen Harrison,Female,19,History,66.6,2025-03-21,Port Davidberg,Year 1,Taylor-West
9416,Brooke Webb,Male,20,Math,68.73,2024-11-23,East Samantha,Year 3,Jones Ltd
4542,Michael Hawkins,Male,18,History,87.33,2025-08-02,Schmidtfort,Year 1,"Burton, Barnett and Greene"
9653,Daniel Lozano,Male,23,Math,67.36,2025-05-08,Emilyview,Year 1,Myers and Sons
1304,Mariah Andrade,Female,21,Computer,73.82,2025-08-17,Youngville,Year 3,Jefferson-Mills
4587,Joan Sims,Male,23,English,68.07,2025-03-16,West Scott,Year 3,Bush-Medina
5793,Jennifer Carr,Female,24,English,96.38,2025-02-14,Maddoxtown,Year 2,Smith LLC
5034,Jeffrey Kim,Female,18,Science,55.66,2025-07-21,Smithtown,Year 4,"Bishop, Atkins and Campbell"
8885,Carolyn Mullins,Male,20,English,58.28,2025-06-02,East Alexanderfort,Year 2,White-Sexton
6186,Marcus Myers,Female,20,English,60.78,2024-11-18,West Jonathonville,Year 3,"Webb, Snyder and Harris"
2825,Jessica Williams,Female,25,History,96.12,2025-05-15,South Maria,Year 3,Hayes Group
6879,Lisa Leonard,Male,21,History,55.33,2025-08-18,East David,Year 3,Acosta PLC
6919,Natalie Carey,Female,22,Math,93.65,2025-03-29,Lake Elizabethstad,Year 4,"Wolfe, Brown and Martin"
6151,Karen Kennedy,Female,21,English,61.5,2025-05-21,North Elizabethhaven,Year 3,Huang-Sanders
9014,Kristin Sanders,Male,22,Computer,40.32,2025-05-19,Port Michaelchester,Year 4,Davis-Taylor
8062,Lisa Townsend,Male,25,Computer,77.7,2025-03-28,New Rachel,Year 3,"Murphy, Long and Lambert"
5895,Cynthia Salazar,Female,20,History,69.93,2025-05-02,Stephanieview,Year 1,Reyes Group
8635,Jamie Jackson,Male,25,Computer,48.82,2024-11-25,New Williammouth,Year 2,"Summers, Vazquez and Thomas"
2218,Elizabeth Sullivan,Female,23,Science,44.39,2025-06-07,New Tiffanyview,Year 2,"Greene, Jackson and Jones"
6877,Aaron Jenkins,Female,20,History,61.92,2025-04-07,East Tanyaside,Year 2,"Allen, Hill and Wilson"
6394,Nicholas Mccann,Female,18,Science,57.65,2025-07-02,Reynoldsmouth,Year 3,"Klein, Vasquez and Harris"
6195,Jamie Mckee,Female,19,Science,60.26,2025-10-10,Johnsonshire,Year 2,Montes LLC
5419,George Padilla,Male,25,Computer,82.65,2025-09-15,Lake Mariaport,Year 3,Bowman Group
6100,Sean Williams,Male,24,Math,91.92,2025-06-29,Martinchester,Year 2,Logan-Bruce
3115,Daniel Burke,Male,20,Math,61.07,2025-07-14,West Davidville,Year 3,Williams-Ellis
9948,Anne Sparks,Male,22,Computer,49.05,2025-04-23,Juanchester,Year 3,Hinton and Sons
1364,James Snyder,Female,25,Computer,73.06,2025-05-13,Johnsonmouth,Year 4,Rollins-Fisher
3266,Ryan Moore,Male,24,History,92.5,2025-03-19,Jennaville,Year 4,Conrad-Smith
7363,Arthur Berry,Male,25,Math,49.85,2025-08-07,South Joanside,Year 2,"Snow, Manning and Hancock"
1615,Gabriel White,Female,23,History,88.39,2024-12-04,Lake Frederickburgh,Year 4,"Flores, Wilson and Chen"
5250,Aaron Richards,Female,20,History,76.76,2025-02-10,West Angelaberg,Year 3,Harris-Wilcox
3587,Dominic Luna,Female,24,Math,58.53,2025-07-24,Fergusonborough,Year 2,Scott and Sons
8985,Kimberly Thompson,Male,24,History,69.17,2025-03-03,Jeffreyburgh,Year 2,Bentley PLC
4981,Omar Green,Male,19,Computer,71.06,2024-12-08,Port Stevenshire,Year 3,"Ortiz, Golden and Cortez"
5627,Angela Phillips,Male,21,Science,83.81,2025-05-08,Mollybury,Year 2,Kirk LLC
9312,Katie Massey,Female,22,English,59.67,2025-07-18,Christineshire,Year 1,Watson LLC
3349,Adam Davenport,Male,20,English,51.62,2025-09-13,Lake Travisview,Year 4,Cobb-Lee
9947,Kenneth Sims,Female,23,English,84.74,2024-11-15,Lake Alexisland,Year 2,Gill-Wright
8668,Jordan Lewis,Male,25,Computer,54.94,2024-11-14,North Madison,Year 1,Blair Group
1154,Joseph Campos,Male,24,Science,95.51,2025-01-05,Pattersonchester,Year 4,"Kemp, Carey and Webb"
3552,Michael Green,Female,18,Science,96.22,2024-11-25,Kimberlyberg,Year 1,Hansen Ltd
1429,Steven Smith,Female,19,Math,93.44,2025-07-15,Kellyhaven,Year 3,Hernandez and Sons
4578,Brianna Thornton,Male,25,Computer,77.79,2025-02-21,West William,Year 3,Stone-Williams
3598,Miss Nicole Jones,Male,24,English,63.33,2025-03-24,Allisonborough,Year 3,"Jones, Tate and Jones"
9082,Caitlin Diaz,Male,23,English,81.86,2025-06-08,East Jamiemouth,Year 3,"Burns, Knox and Mcpherson"
8512,Daniel Rodriguez,Female,20,History,95.09,2025-07-22,Jonesborough,Year 1,Pitts PLC
6714,Arthur Stuart,Male,19,English,52.83,2024-11-28,West William,Year 3,Clark-Mendoza
5933,Natalie Ray,Female,22,History,69.05,2025-03-19,Hillton,Year 1,Lambert and Sons
1673,Robert Ramirez,Male,25,Math,52.78,2025-05-27,Jonesfurt,Year 2,Snyder-Shaw
4613,Scott Cox,Female,23,Computer,98.45,2025-05-04,North Kelsey,Year 4,Johnson-Smith
8769,Kathy Oconnor,Female,24,History,63.26,2025-02-22,North Patricia,Year 1,Ortiz PLC
5645,Alexandra Reed,Female,20,Computer,85.6,2025-06-12,Normatown,Year 3,Hess-Collins
9206,Desiree Sheppard,Female,24,Computer,91.57,2025-09-24,Jasonborough,Year 2,Pittman-Preston
2279,Jason Garcia,Female,19,Math,69.57,2025-05-24,Tiffanytown,Year 3,Hamilton-Williams
8090,Andre Daniels,Female,21,Math,41.58,2025-02-08,Jensenmouth,Year 3,Huber-Hernandez
6437,Kelly White,Male,24,English,67.43,2024-11-28,Leonstad,Year 1,"Dunn, Mejia and Kidd"
5222,Jessica Cochran,Female,19,Math,58.07,2025-02-10,North Brandon,Year 3,Powell-Macdonald
8918,Michelle Sandoval MD,Female,25,Science,69.01,2024-11-10,Tammybury,Year 1,"Jenkins, Crawford and Lawson"
6878,Gregory Lopez,Male,19,English,62.26,2025-03-12,Andreahaven,Year 3,Walker-Diaz
9113,Dawn Cherry,Female,25,Computer,76.58,2025-10-06,Arianaland,Year 1,Lee-Vasquez
3392,Amber Delgado,Female,22,English,48.18,2024-10-24,New Melissa,Year 2,Lee Inc
1780,Edward Cortez,Male,18,Science,82.86,2025-02-01,Gregoryside,Year 2,Williams Ltd
1410,Diane Harrington,Male,18,English,70.19,2025-08-05,New Amy,Year 3,Clark and Sons
9049,Suzanne Zamora,Male,19,Science,72.6,2024-12-24,West Pamela,Year 3,Stevens-Diaz
3592,Paul Kim,Female,21,Computer,86.61,2025-09-24,Jennifermouth,Year 1,"Salazar, Middleton and Wilcox"
9697,Mr. Paul Williams,Female,22,Science,98.15,2025-07-06,Wellsville,Year 2,Cardenas-Sandoval
1249,Roy Kelly,Female,18,English,65.57,2025-03-26,Joshuaville,Year 1,Martin-Morgan
1978,Patricia Bell,Male,20,English,93.0,2025-01-17,West Tyler,Year 3,Mclean and Sons
1767,Gene Hudson,Female,18,English,52.05,2025-08-10,Gibsonfort,Year 3,Wallace LLC
3404,Nancy Vega,Male,21,Math,74.46,2025-03-07,Katrinabury,Year 4,Mckenzie Ltd
1383,Veronica Johnson,Male,22,Math,71.68,2025-09-16,Thomasmouth,Year 4,Reed PLC
5211,Juan Robbins,Female,21,English,93.47,2025-10-03,Port Laurie,Year 1,Myers-Woods
1411,Suzanne Miller,Female,24,Science,90.9,2025-09-20,Marissabury,Year 3,Haas-Warren
4653,Emily Neal,Male,19,Math,79.87,2025-07-26,Jefferyburgh,Year 1,Archer-Banks
5319,Jared Williams,Male,20,History,59.18,2025-07-21,West Gregorychester,Year 3,"Huynh, Andrade and West"
7044,Clinton Andrews,Male,25,Computer,86.57,2025-04-22,Port David,Year 1,"Saunders, King and Hoffman"
3768,Teresa Sanchez,Female,18,English,70.56,2025-09-02,West Jessica,Year 2,Watkins LLC
1321,Shannon Salazar,Male,22,English,41.19,2025-06-03,Port Christown,Year 2,"Erickson, Cole and Moody"
4928,Mr. Jonathon Duncan MD,Male,21,Science,66.06,2025-02-05,Port Julie,Year 3,Little-Richard
2501,Katrina Frey,Female,19,Math,84.69,2025-08-23,West Paula,Year 2,Johnson and Sons
5683,Rhonda Banks,Male,18,English,72.69,2024-11-19,Alexanderbury,Year 3,Pitts and Sons
9769,Carolyn Lawson,Male,25,Math,94.29,2025-03-25,Coopermouth,Year 3,Adams-Sullivan
6672,Shelley Bryant,Male,22,Computer,82.69,2025-06-06,North Jamesbury,Year 1,Daniels Group
4589,Jacqueline Mercer,Female,21,English,45.15,2025-03-13,Davishaven,Year 1,Stein LLC
4333,Mitchell Bowman,Male,25,History,90.43,2025-01-19,Christopherside,Year 4,"Lewis, King and Salazar"
8979,Christina Henry,Female,19,Math,66.28,2025-05-04,Amandaburgh,Year 1,Daniels-Nelson
7248,Diane Shaw,Female,18,Computer,83.85,2025-01-31,West Derrickchester,Year 1,"Murillo, Harvey and Anderson"
1533,Brittany Harris,Female,24,English,99.12,2025-01-02,Lake Morganport,Year 1,"Higgins, Kane and Aguilar"
9709,Brandi Martinez,Female,24,English,76.44,2025-04-20,Adrianaton,Year 3,Todd Ltd
4304,Colleen Cameron,Female,22,Math,47.94,2025-10-11,Douglastown,Year 1,"Boyd, Johnson and Garrett"
5687,Donna Wiley,Male,24,Computer,67.34,2025-10-12,Lake Mary,Year 4,Delacruz-Cardenas
2119,James Smith,Male,19,Science,79.01,2025-03-16,Lake Joshuamouth,Year 1,"Rose, Davis and Mcmillan"
8121,John Black,Female,22,English,54.0,2025-01-30,East Mariaview,Year 4,"Smith, Mitchell and Scott"
9674,Crystal Byrd,Female,21,History,55.65,2025-07-07,West Glenmouth,Year 4,"Roberson, Ray and Burns"
8601,Joy Mccoy,Male,21,English,59.63,2025-07-23,Port Oscarmouth,Year 2,"Reeves, Cruz and Andrews"
8197,Sean Baldwin,Female,23,Math,60.6,2025-06-30,Courtneyfort,Year 3,Thomas-Thompson
9840,Michael Ashley,Female,24,Science,96.13,2024-11-03,Kinghaven,Year 3,Davis Inc
4562,Matthew Rodriguez,Female,25,Math,76.6,2025-03-16,Hensonview,Year 3,Green LLC
1896,Cassandra Fernandez,Female,24,Science,41.13,2025-06-22,Port Tiffanyview,Year 3,Hernandez-David
2652,Michelle Spence,Male,25,Math,74.13,2025-06-17,Christopherberg,Year 4,Campbell Inc
9233,Ashley Williams,Male,23,Math,61.9,2025-02-18,Deborahport,Year 1,Jackson-Allen
6883,Kelly Roberts,Male,20,Math,69.8,2024-12-05,Port Jeremyfort,Year 1,"Harper, Martinez and Nelson"
6811,Zachary Cook,Female,21,Computer,76.87,2024-11-19,Davisview,Year 4,Carter-Joseph
7390,Susan Williams,Male,24,Science,88.01,2025-10-02,Rodriguezstad,Year 1,Hill Inc
6160,Hannah Rodriguez,Male,22,Science,40.51,2025-01-02,Rogerville,Year 4,Jones Ltd
2199,Austin Hines,Female,25,Computer,58.41,2025-03-05,Nicolemouth,Year 2,Jimenez and Sons
6390,Briana Colon,Male,24,Science,55.79,2025-03-22,New Jacob,Year 1,Miller and Sons
4336,Jamie Sparks,Male,22,Computer,93.4,2025-08-29,Ramseytown,Year 3,"Carter, Adams and Johnson"
8207,Monique Diaz,Male,20,Science,79.6,2025-06-12,Port Danielborough,Year 3,Clay-Johnson
5241,David Allen,Female,18,Computer,58.92,2025-01-31,West Julie,Year 1,Davis-Buck
8768,Brittany Gonzales,Female,24,Math,50.11,2025-04-05,South Jerryberg,Year 4,Raymond Inc
4360,Dale Huerta,Female,18,Computer,82.2,2025-05-29,Marshallfort,Year 3,Kelley-Ford
8111,Michael Booth,Female,24,History,82.22,2024-12-22,Kristyfurt,Year 3,"Hernandez, Jackson and Mcintosh"
4260,Brett Fowler,Female,25,History,59.54,2025-05-25,Port Michelle,Year 3,"Leonard, Snyder and Gibson"
2894,Philip Graham,Female,18,English,97.79,2025-07-18,Simpsonshire,Year 3,"Mcintyre, Serrano and Brown"
7689,Belinda Sanchez,Female,19,English,71.93,2025-06-05,Lake Danabury,Year 4,Rocha PLC
9863,Amanda Hall,Female,20,Science,94.84,2025-02-27,Kevinfurt,Year 4,"Osborn, Maxwell and Orozco"
5444,Allison Lloyd,Female,19,History,41.31,2025-05-16,Vanceview,Year 2,Garza-Davenport
3246,Carolyn Newman,Male,21,History,67.82,2025-04-24,West Ashley,Year 4,"Perez, Schroeder and Adams"
6129,Michael Davis,Male,19,Math,48.5,2025-03-24,New Antoniochester,Year 1,Mccoy PLC
2938,Julie Ballard,Male,20,English,67.6,2025-10-18,Port Adam,Year 3,"Barker, Thomas and Cox"
6590,Courtney Palmer,Male,22,Math,68.09,2024-11-19,Walkermouth,Year 2,Reeves and Sons
3133,Cody Ortiz,Male,24,Math,78.46,2025-10-03,Collinsshire,Year 2,"Dennis, Bryant and Scott"
7703,Matthew Wright,Female,18,Computer,83.55,2025-09-19,East Amberfurt,Year 3,Nelson Inc
8451,Cynthia Ayala,Male,22,Math,52.59,2024-11-17,New Frankland,Year 4,"Owens, Chaney and Murphy"
1816,Daniel Wagner,Female,20,Science,44.16,2025-04-21,South Richardville,Year 4,Johnson and Sons
5813,Sheri Hunter,Male,22,Science,58.24,2025-08-15,East Patriciaville,Year 2,King Ltd
8765,Matthew Ward,Female,18,Computer,71.6,2025-06-19,Lake Gregoryview,Year 3,Farrell PLC
9921,Erica Harper,Female,20,History,90.01,2025-03-10,West Douglasside,Year 2,"Knox, Johnson and Knight"
5769,Kathy Thomas,Female,20,Science,96.99,2025-08-20,North Johnberg,Year 3,Miller Inc
1454,Derrick Salazar,Male,19,Math,67.29,2024-11-07,New Wayne,Year 4,Flores Inc
9369,Derek Sandoval,Female,23,Math,99.55,2025-07-06,Jacobport,Year 1,Castro Inc
8893,Sheri Cummings,Female,21,Math,76.11,2025-08-25,East Kevin,Year 1,Perkins-Clark
9089,Brent Giles,Female,25,Math,65.13,2025-07-16,Michellehaven,Year 1,Long-Zimmerman
2242,Karen Miller,Female,22,Science,43.98,2025-08-13,Johnsonhaven,Year 1,"Kim, Peterson and Johnson"
6168,Kaylee Braun,Female,24,Computer,69.92,2025-05-30,Kellyfort,Year 2,"Beck, Jackson and Sharp"
5278,Donna Woods,Female,18,Science,62.42,2025-04-21,Richardbury,Year 3,Allen-Johnson
2958,Krystal Maddox,Male,19,Computer,72.02,2025-10-12,East Corey,Year 3,"Velasquez, Li and Robinson"
4395,Amy Olsen,Female,25,Computer,75.05,2025-08-09,Sheilaview,Year 2,"Oneal, Mejia and Dillon"
6059,Annette Drake,Male,25,Computer,52.54,2025-06-17,South Jeremy,Year 1,Carrillo Group
5417,Joe Harris,Female,18,Computer,65.13,2025-04-11,Ernesttown,Year 3,"Smith, Long and Alvarez"
1434,Amy Deleon,Female,23,English,90.14,2024-10-24,Brownton,Year 2,Hamilton Ltd
9763,Brandon Alvarez,Female,20,Math,92.55,2024-12-08,Maynardstad,Year 2,"Davies, Perry and Stephens"
2159,Lisa Stephenson,Female,19,Science,41.21,2025-08-25,Carlosburgh,Year 3,Hodges Group
5129,John Anderson,Female,23,Science,61.73,2025-01-07,New Melissahaven,Year 3,"Jones, Morales and Bridges"
9497,Benjamin Douglas,Male,21,Computer,92.79,2025-09-02,New Eugene,Year 4,"Aguirre, Grant and Lopez"
1667,Briana Mann,Female,18,History,67.9,2025-02-03,South Lesliemouth,Year 1,"Richmond, Cameron and Smith"
1645,David Murphy,Female,21,English,96.42,2025-04-01,East Steve,Year 1,Horton-Hood
6935,Lisa Newman,Male,20,English,78.51,2025-01-28,Martinfurt,Year 2,"Phelps, Hernandez and Curtis"
5140,Richard Freeman,Male,20,Science,92.42,2025-03-07,Davisstad,Year 3,"Mueller, Farmer and Murphy"
8618,Nicole Wiley,Male,22,History,94.01,2024-10-24,Hoganbury,Year 3,"Elliott, Thompson and Aguilar"
8000,Felicia Roberts,Female,22,Science,55.44,2025-09-17,Brianville,Year 2,Roberts-Santos
1270,Jon Martinez,Female,25,History,48.36,2024-11-25,Michaelfort,Year 3,Franklin PLC
4182,Brian Wolf,Male,23,Computer,40.96,2024-12-04,Chadstad,Year 1,Kemp-Chambers
1991,Peter Francis,Male,18,Math,81.07,2025-01-01,Sanchezstad,Year 2,Curtis-Hall
4828,John Salinas,Female,24,Computer,94.36,2025-05-18,Carrieton,Year 2,Graves-Taylor
7221,Richard Mendoza,Male,25,History,88.36,2025-02-21,Port Jenniferburgh,Year 4,"Jones, Mason and Clark"
8673,Dale Armstrong,Male,25,English,88.98,2025-02-13,Sanfordland,Year 1,"Thompson, Burnett and Shelton"
3200,James Robinson,Female,22,English,87.34,2025-03-14,Port Julie,Year 4,Bryant and Sons
2602,Monica Adams,Female,22,English,49.54,2025-06-24,North Kathryntown,Year 2,"Krause, Cruz and Torres"
4220,Janet Porter,Female,22,History,44.5,2025-08-29,Lorettaport,Year 4,Conner Inc
2793,Kelly Silva,Female,25,English,76.28,2025-04-19,Matthewfurt,Year 2,Benton-Lee
6173,Jeffrey Velazquez,Male,20,Science,96.37,2025-08-05,Kylebury,Year 4,"Garcia, Howard and Pollard"
4769,Alexandra Hurst,Female,18,Science,70.69,2025-01-16,Hobbsmouth,Year 1,Booth-Clark
6371,David Wagner,Female,25,History,85.2,2024-11-08,Port Pamela,Year 1,Jimenez Ltd
7522,Rachel Terry,Male,21,Science,48.88,2025-01-01,Jenniferville,Year 4,"Gallagher, Munoz and Williams"
3647,Amanda Wong,Female,24,Math,85.2,2025-02-22,East Keithburgh,Year 4,Garcia-Thompson
1426,James Haley,Male,25,Science,85.21,2025-02-12,South Gary,Year 4,Peterson Ltd
7952,David Robbins,Male,22,History,46.19,2025-03-16,East Jesseberg,Year 4,"Schroeder, Herring and Jones"
4732,Kevin Quinn,Male,20,Math,64.07,2024-11-17,New Jessicamouth,Year 3,Webster and Sons
4065,Amanda Stokes,Female,24,English,46.71,2025-05-20,Port Ryanland,Year 2,Lopez Group
2534,Gloria Solis,Female,20,Computer,75.91,2024-10-28,South Tiffanyberg,Year 2,"Jimenez, Mcdonald and Torres"
4754,Jasmine Hudson,Male,24,History,55.79,2024-11-03,Port Brittanymouth,Year 1,Freeman and Sons
1099,Amy Hill,Female,25,History,80.1,2025-02-07,Danielside,Year 1,Santiago and Sons
2402,Andrew Howell,Male,25,Computer,69.93,2025-09-21,Lauraside,Year 4,Hawkins-Cummings
7759,Kimberly Walton,Male,20,Computer,54.67,2025-04-30,North Eric,Year 1,Villarreal-Fields
6259,Lisa Wilson,Female,20,History,72.66,2025-06-28,West Kimberly,Year 3,Murphy-Summers
8972,Joy Rojas,Female,22,Math,54.9,2025-04-08,Zacharymouth,Year 3,Diaz-Payne
9967,Megan Ruiz,Male,25,History,53.31,2024-11-06,Matthewmouth,Year 2,Jones PLC
2142,Peter Carrillo,Male,25,Math,67.78,2024-12-15,Traceyberg,Year 3,"Higgins, Massey and Smith"
8789,Nathan Bridges,Male,24,Computer,42.8,2025-02-07,Alvareztown,Year 3,Davis-Kim
1086,Tanya Moore,Male,22,Science,42.02,2025-02-07,Port Melissa,Year 2,Diaz Group
7346,Christopher Green,Male,18,History,67.13,2025-05-31,Smithbury,Year 1,Martinez-Hernandez
1228,Ryan Sellers,Female,24,History,69.42,2025-02-17,Karenfurt,Year 2,Fowler-Hanson
5393,Kellie Smith,Male,24,History,43.81,2025-04-03,Port Gary,Year 4,"Welch, Simpson and Hawkins"
4874,Sharon Smith,Male,18,Math,99.57,2025-07-05,Annetown,Year 3,Guzman-Guerrero
4221,Laura Bryant,Female,24,Computer,88.91,2025-09-09,Trevorchester,Year 3,May-Watkins
1412,Danielle Hicks,Female,22,Math,66.17,2025-01-15,Christinaview,Year 2,Singh Group
3502,Abigail Smith DDS,Female,20,English,48.84,2024-12-16,New Michael,Year 1,Scott-Garza
5039,Michael Peterson,Female,23,English,41.82,2025-10-03,North Christopherbury,Year 2,"Andrews, Clark and Anderson"
9800,Darryl Hall,Female,21,Science,96.98,2025-08-06,New Scottton,Year 3,"Cooper, Howe and Klein"
5967,David Hines,Female,21,History,98.1,2024-12-19,Lake Autumn,Year 2,Bell-Silva
4616,Samantha Johnson,Female,20,History,54.4,2024-11-11,Barronton,Year 4,"Kennedy, Farrell and Booker"
2447,Robert Hess,Female,22,Computer,65.27,2025-03-23,Anachester,Year 1,Gibbs-Lowe
6654,Michael Robinson,Male,18,Science,68.65,2025-03-25,Katherinebury,Year 4,Tucker Ltd
3164,Jordan Foster,Male,24,English,72.99,2025-06-28,Colemanfurt,Year 2,Smith and Sons
7830,Donna Crosby,Female,22,History,93.94,2025-02-04,Santosport,Year 2,"Booth, Moreno and Carter"
5988,Javier Lopez,Male,21,English,94.97,2025-06-25,New Christinahaven,Year 3,Anderson Ltd
9112,Michael Fischer,Female,24,History,77.42,2025-05-17,New Laura,Year 2,Durham Group
4189,Casey Griffith,Female,19,History,81.31,2024-11-23,Lake Anthony,Year 2,Soto and Sons
2455,Spencer Church,Female,20,History,71.78,2025-05-15,Leemouth,Year 4,"Brown, Pratt and Jensen"
7654,Maria Parker,Male,22,Science,65.68,2024-12-12,Davischester,Year 1,"Goodwin, Walker and Farmer"
1570,Tiffany Campos,Female,20,Math,82.78,2025-01-06,Bowmanmouth,Year 1,Hernandez-Dixon
